省份,地区,学校名称,类型,电话,邮编,地址
北京,北京,西城区福绥境街道横三条幼儿园,幼儿园,010-66161227,100034,西城区宫门口横胡同８号
北京,北京,密云县春雷托儿所,幼儿园,10-89012126,101500,密云县穆家峪镇新农村新城路６９号
北京,北京市,密云学前教育中心,幼儿园,010-69046350,101500,北京市密云县环新北路滨阳里
北京,北京市,宋庆龄基金会华音音乐培训学校,幼儿园,010-66796883,100081,北京市海淀区中关村南大街12号
北京,北京市,顺义区牛栏山中心幼儿园,幼儿园,010-69414003,101301,北京市顺义区牛栏山镇府前街24号
北京,北京市,顺义南法信镇中心幼儿园,幼儿园,010-69473313,101300,北京市顺义区南法信刘家河
北京,北京市,首都师范大学幼儿教育中心,幼儿园,010-68902551,100037,北京市海淀区西三环北路105号
北京,北京市,首钢幼儿保教中心,幼儿园,010-68873601,100043,北京市石景山区首钢古城幼儿园内
北京,北京市,密云工业局幼儿园,幼儿园,010-69042639,101500,北京市密云县鼓楼
北京,北京市,小汤山镇大东流中心幼儿园,幼儿园,010-61712095,102211,北京市昌平区小汤山大东流
北京,北京市,延庆县南菜园幼儿园,幼儿园,010-81197564,102100,北京市延庆县延庆镇南菜园中街十号
北京,北京市,延庆县幼儿员园,幼儿园,010-69103284,102100,北京市延庆县西街
北京,北京市,延庆县新城幼儿园,幼儿园,010-69142291,102100,北京市延庆县延庆镇新城街七号
北京,北京市,建社部幼儿园,幼儿园,010-68393393,100037,北京市海淀区三里河路9号
北京,北京市,怀柔县九渡河镇幼儿园,幼儿园,010-69682004,101404,北京市怀柔县九渡河
北京,北京市,怀柔县北房镇中心幼儿园,幼儿园,010-61681406,101400,北京市怀柔县北房幸福西街
北京,北京市,运河幼儿园,幼儿园,010-81528111,101101,北京市通州区葛布店北里8号楼北侧
北京,北京市,通州区玉桥街道幼儿园,幼儿园,010-81587114,101101,北京市通州区玉桥街道玉桥北里47号楼
北京,北京市,顺义区仁和中心幼儿园,幼儿园,010-89449587,101300,北京市顺义区石园南区
北京,北京市,顺义区北小营中心幼儿园,幼儿园,010-60483603,101305,北京市顺义区北小营镇
北京,北京市,顺义区大孙各庄镇大孙各庄幼儿园,幼儿园,010-61432041,101308,北京市顺义区大孙各庄
北京,北京市,顺义区尹家府中心幼儿园,幼儿园,010-61472812,101308,北京市顺义区大孙各庄四福通大街82号
北京,北京市,顺义区李遂镇中心幼儿园,幼儿园,010-89481707,101300,北京市顺义区李遂柳各庄
北京,北京市,顺义区杨镇中心幼儿园,幼儿园,010-61451973,101309,北京市顺义区杨镇政府街四号
北京,北京市,怀柔县怀柔镇中心幼儿园,幼儿园,010-69643972,101400,北京市怀柔县兴怀大街8号
北京,北京市,怀柔县杨宋镇中心幼儿园,幼儿园,010-61678795,101400,北京市怀柔县杨宋仙台
北京,北京市,怀柔县桥梓镇北宅幼儿园,幼儿园,010-60672264,101402,北京市怀柔县桥梓北宅
北京,北京市,怀柔县桥梓镇幼儿园,幼儿园,010-69675561,101402,北京市怀柔县前桥梓
北京,北京市,怀柔县渤海镇幼儿园,幼儿园,010-61631771,101405,北京市怀柔县渤海沙峪
北京,北京市,怀柔县第二幼儿园,幼儿园,010-69622792,101400,北京市怀柔县居民湖光南街15号
北京,北京市,新华通讯社幼儿园,幼儿园,010-63961188,100038,北京市海淀区羊坊店路3号
北京,北京市,新村街道孟村幼儿园,幼儿园,010-63734585,100070,北京市丰台区孟村120号
北京,北京市,昌平八街幼儿园,幼儿园,010-89702694,102200,北京市昌平区城北八街幼儿园七圣庙2号
北京,北京市,昌平区崔村镇中心幼儿园,幼儿园,010-60721379,102212,北京市昌平区西崔村
北京,北京市,昌平区昌平镇中心幼儿园,幼儿园,010-89738888,102200,北京市昌平区邓庄
北京,北京市,望京新城幼儿园,幼儿园,010-64749563,100102,北京市朝阳区望京新城西园四区409楼
北京,北京市,朝阳区十八里店兴华幼儿园,幼儿园,010-67471407,100023,北京市朝阳区十八里店
北京,北京市,朝阳区左家庄街道中心幼儿园,幼儿园,010-64660909,100027,北京市朝阳区三云里街10号楼
北京,北京市,松榆东里幼儿园,幼儿园,010-67343168,100021,北京市朝阳区松榆东里30号楼
北京,北京市,海军北京示范幼儿园,幼儿园,010-66954011,100841,北京市海淀区西三环中路19号
北京,北京市,海淀区北太平庄街道蓟门里幼儿园,幼儿园,010-62019223,100088,北京市海淀区学院路蓟门里小区甲1号
北京,北京市,海淀区北安河乡中心幼儿园,幼儿园,010-62455506,100095,北京市海淀区北安河
北京,北京市,海淀区海淀南路培新幼儿园,幼儿园,010-62562932,100080,北京市海淀区海淀南路22号
北京,北京市,清河毛纺厂幼儿园,幼儿园,010-62949162,100085,北京市海淀区清河毛纺路
北京,北京市,石油勘探开发科学研究院幼儿园,幼儿园,010-62097343,100083,北京市海淀区学院路20号
北京,北京市,科委家委会托儿所,幼儿园,010-68515544,100036,北京市海淀区柳林馆南里甲8号楼
北京,北京市,空军直属机关幼儿园,幼儿园,010-66984752,100843,北京市海淀区复兴路14号
北京,北京市,航天工业总公司机关燕郊幼儿园,幼儿园,010-68371537,100037,北京市海淀区阜成路8号
北京,北京市,中国农业大学东校区幼儿园,幼儿园,010-62336981,100083,北京市海淀区清华东路17号
北京,北京市,中国农业大学西校区幼儿园,幼儿园,010-（010）62733021/（010）62...,100094,北京市海淀区圆明园西路3号
北京,北京市,中国国土资源航空物探遥感中心幼儿园,幼儿园,010-82329032,100083,北京市海淀区学院路29号
北京,北京市,中国电力科学研究院幼儿园,幼儿园,010-62913201,100085,北京市海淀区清河小营东路7号院
北京,北京市,中国航天科工集团第三研究院幼儿园,幼儿园,010-68376265,100074,北京市丰台区云岗街道云岗南区东里18号
北京,北京市,中国航天第二研究院后勤保障部中心幼儿园,幼儿园,010-68385233,100854,北京市海淀区永定路正大南路6号
北京,北京市,中国轻工业局幼儿园,幼儿园,010-68012145,100045,北京市西城区南礼士路46号
北京,北京市,中组部机关服务中心幼儿园,幼儿园,010-66036524,100032,北京市西城区西单北大街小酱坊胡同31号
北京,北京市,丰台区嘉园第一幼儿园分园,幼儿园,010-67991501,100076,北京市丰台区南苑五爱屯街11号
北京,北京市,丰台区大红门街道办事处东楼幼儿园,幼儿园,010-67221959,100075,北京市丰台区大红门西里东楼
北京,北京市,丰台区长辛店大街幼儿园,幼儿园,010-83876295,100072,北京市丰台区长辛店大街100号
北京,北京市,丰台区阳光双语艺术幼儿园角门分园,幼儿园,010-67544482,100077,北京市丰台区角门东里七号乙
北京,北京市,丰台区鲁艺小铃铛艺术培训学校,幼儿园,010-87294258,100077,北京市丰台区西罗园四区26号
北京,北京市,丰台镇胜利幼儿教育园,幼儿园,010-63738430,100070,北京市丰台区东兴里118号
北京,北京市,九渡河黄花城幼儿园,幼儿园,010-61652352,101403,北京市怀柔县九渡河黄花城
北京,北京市,交通部机关第二幼儿园,幼儿园,010-64212571,100011,北京市朝阳区安华西里三区十八号
北京,北京市,信息产业电子第十五研究所幼儿园,幼儿园,010-62327661,100083,北京市海淀区北四环中路211号
北京,北京市,北下关街道办事处头堆幼儿园,幼儿园,010-62180837,100044,北京市海淀区头堆村5号
北京,北京市,北京中和艺术幼儿园,幼儿园,010-84049215,100009,北京市西城区鼓楼西大街鸦儿胡同21号
北京,北京市,北京丰台区实验艺术幼儿园马家堡分园,幼儿园,010-67534412,100077,北京市丰台区嘉园二里34号楼
北京,北京市,北京乐乐园儿童潜能教育开发中心,幼儿园,010-64661887,101405,北京市怀柔区渤海镇渤海工业园区３２号
北京,北京市,北京京铁生活服务中心丰台幼儿园,幼儿园,010-51851831,100070,北京市丰台区丰台镇韩庄子东里１号
北京,北京市,北京京铁生活服务中心夕照寺幼儿园,幼儿园,010-67121384,100061,北京市崇文区夕照寺街东里２０号
北京,北京市,北京京铁生活服务中心平安里幼儿园,幼儿园,010-51834471,100035,北京市西城区育德胡同５号
北京,北京市,北京京铁生活服务中心永定门幼儿园,幼儿园,010-51837811,100054,北京市崇文区永定门车站路１２号
北京,北京市,北京公交总公司鸿运承幼教管理中心,幼儿园,010-68521990,100037,北京市西城区阜外大街３２号
北京,北京市,北京北方车辆制造厂总务处幼儿园,幼儿园,010-83807200,100072,北京市丰台区长辛店朱家坟二里
北京,北京市,北京北毛集团幼儿园,幼儿园,010-62939802,100085,北京市海淀区清河
北京,北京市,北京华蓄水电开发公司,幼儿园,010-69741927,102200,北京市昌平区城北水关新村
北京,北京市,北京南口机车车辆机械厂生活服务公司幼儿园,幼儿园,010-69771260,102202,北京市昌平区南口道北
北京,北京市,北京卫星制造厂科星幼儿园,幼儿园,010-62610546,100080,北京市海淀区中关村932楼甲
北京,北京市,北京同以联养猪合作社,幼儿园,010-61432031,101308,北京市顺义区大孙各庄佟辛庄
北京,北京市,北京启明双语幼儿园,幼儿园,010-62538273,100083,北京市海淀区东升园十条华清家园
北京,北京市,北京小博士双语幼稚园,幼儿园,010-69103587,102100,北京市延庆县延庆镇新兴小区
北京,北京市,北京小牛津双语才艺幼儿园,幼儿园,010-64936626,100101,北京市朝阳区大屯慧忠里308号
北京,北京市,北京崇文区第二幼儿园,幼儿园,010-67116076,100062,北京市崇文区安化北里64号
北京,北京市,北京崇文区红湖幼儿园,幼儿园,010-67123029,100061,北京市崇文区龙潭北里3条3号
北京,北京市,北京巧智博仁国际幼儿园有限公司,幼儿园,010-65056149,100004,北京市朝阳区建外大街一号国贸北公寓一层
北京,北京市,北京市东华门幼儿园,幼儿园,010-65254467,100006,北京市东城区北河沿大街149号
北京,北京市,北京市东城区东华门缎库幼儿园,幼儿园,010-65252075,100006,北京市东城区南池子大街缎库胡同１８号
北京,北京市,北京市东城区安定门大经厂幼儿园,幼儿园,010-64045445,100009,北京市东城区大经厂５５号
北京,北京市,北京市东城区安定门街道敬老院,幼儿园,010-64040428,100009,北京市东城区钟楼湾１１号
北京,北京市,北京市东城区建国门托幼中心园所,幼儿园,010-65245562,100005,北京市东城区西裱褙胡同２１号
北京,北京市,北京市东城区朝阳门街道史家幼儿园,幼儿园,010-65250055,100010,北京市东城区史家胡同２４号
北京,北京市,北京市东城区朝阳门街道小方家幼儿园,幼儿园,010-65254789,100010,北京市东城区小方家胡同１３号
北京,北京市,北京市东城区赵堂子儿童艺术培训学校,幼儿园,010-65252344,100005,北京市东城区赵堂子胡同11号
北京,北京市,北京市东方爱婴咨询有限公司,幼儿园,010-84990156,100101,北京市朝阳区安定路1号
北京,北京市,北京市东棉花胡同幼儿园,幼儿园,010-64044144,100009,北京市东城区东棉华胡同20号
北京,北京市,北京市丰台区丰台镇兴隆幼儿园,幼儿园,010-63811799,100071,北京市丰台区北大地平房四里
北京,北京市,北京市丰台区丰台镇正阳幼儿园,幼儿园,010-63718494,100070,北京市丰台区丰台镇桥南正阳头条５号
北京,北京市,北京市丰台区六里桥幼儿园,幼儿园,010-63261902,100073,北京市丰台区马官营
北京,北京市,北京市丰台区北大地西区幼儿园,幼儿园,010-63864382,100071,北京市丰台区丰台北大地一里14栋
北京,北京市,北京市丰台区南苑镇新开路幼儿园,幼儿园,010-67991307,100076,北京市丰台区南苑镇新开路头道街１６号
北京,北京市,北京市丰台区卢沟桥街道五里店幼儿园,幼儿园,010-63859825,100071,北京市丰台区五里店小区17楼
北京,北京市,北京市丰台区卢沟桥街道第二幼儿园,幼儿园,010-68671451,100039,北京市丰台区大成里居住区蔚园１５号北门
北京,北京市,北京市丰台区卢沟桥街道第二幼儿园望园分园,幼儿园,010-68673135 /电话,100039,北京市丰台区大成里居住区蔚园15号北门
北京,北京市,北京市丰台区卫生局幼儿园,幼儿园,010-67628836,100078,北京市丰台区方庄芳星园三区２８号楼
北京,北京市,北京市丰台区嘉园第一幼儿园,幼儿园,010-67532806,100077,北京市丰台区嘉园二里２５号楼
北京,北京市,北京市丰台区四合庄中心幼儿园,幼儿园,010-63736417,100070,北京市丰台区花乡四合庄农工商联合公司
北京,北京市,北京市丰台区塔娃幼儿艺术培训学校,幼儿园,010-68671467,100039,北京市丰台区青塔小区蔚园１５号
北京,北京市,北京市丰台区大红门街道办事处东楼幼儿园,幼儿园,010-67221959,100075,北京市丰台区大红门东楼
北京,北京市,北京市丰台区宛平幼儿园,幼儿园,010-83214725,100072,北京市丰台区晓月苑垂虹街3号
北京,北京市,北京市丰台区小雨点艺术培训学校,幼儿园,010-67216759,100075,北京市丰台区永外赵公口小区１号楼
北京,北京市,北京市丰台区幼师附属实验艺术幼儿园,幼儿园,010-67982858,100076,北京市丰台区南苑北里一区７号楼
北京,北京市,北京市丰台区新村街道办事处孟村幼儿园,幼儿园,010-63734585,100071,北京市丰台区孟村１２０号
北京,北京市,北京市丰台区方庄第三幼儿园,幼儿园,010-67644688,100078,北京市丰台区方庄小区
北京,北京市,北京市丰台区汇佳实验幼儿园,幼儿园,010-67697530,100078,北京市丰台区方庄芳古园二区六号楼
北京,北京市,北京市丰台区白盆窑中心幼儿园,幼儿园,010-63713311,100070,北京市丰台区花乡白盆窑
北京,北京市,北京市丰台区第三幼儿园,幼儿园,010-63815572,100071,北京市丰台区五里店南里２９号楼
北京,北京市,北京市丰台区第四幼儿园,幼儿园,010-63712465,100071,北京市丰台区造甲村南里17号
北京,北京市,北京市丰台区红黄蓝多元智能实验幼儿园,幼儿园,10-63568147,100054,北京市丰台区右安门外开阳一区６号楼
北京,北京市,北京市丰台区育苗培训学校,幼儿园,010-68756183,100076,北京市丰台区南苑镇公所胡同１６号
北京,北京市,北京市丰台区花乡樊家村教工幼儿园,幼儿园,010-63736988,100070,北京市丰台区花乡樊家村56号
北京,北京市,北京市丰台区花乡郭公庄幼儿园,幼儿园,010-63734884,100070,北京市丰台区花乡郭公庄866号
北京,北京市,北京市丰台区芳庄第二幼儿园,幼儿园,010-67635271,100078,北京市丰台区芳星园三区22号
北京,北京市,北京市丰台区芳欣艺术培训学校,幼儿园,010-67628116,100078,北京市丰台区方庄第一幼儿园
北京,北京市,北京市丰台区芳群第二幼儿园,幼儿园,010-67609460,100078,北京市丰台区方庄方群园四区十号楼
北京,北京市,北京市丰台区西罗园幼儿园,幼儿园,010-67227202,100077,北京市丰台区洋桥北里３２号
北京,北京市,北京市丰台区西罗园第一幼儿园,幼儿园,010-67216393,100077,北京市丰台区西罗园一区11号
北京,北京市,北京市丰台区西罗园第二幼儿园,幼儿园,010-67228132/67214462,100077,北京市丰台区西罗园海户西里五区七号楼
北京,北京市,北京市丰台区长辛店第一幼儿园,幼儿园,010-83876687,100072,北京市丰台区长辛店大寺口２０号
北京,北京市,北京市丰台区青塔第二幼儿园,幼儿园,010-68676040,100039,北京市丰台区青塔小区秀园７号
北京,北京市,北京市丰台区高娃钢琴幼儿园,幼儿园,010-68671703,100039,北京市丰台区小屯路６号
北京,北京市,北京市丰台怡海幼儿园,幼儿园,010-63740088,100070,北京市丰台区科学城东怡海花园小区内
北京,北京市,北京市丰台方庄鹤立实验幼儿园,幼儿园,010-67603610,100078,北京市丰台区方庄芳古园一区11号楼
北京,北京市,北京市善报文化发展有限责任公司,幼儿园,010-65925253,100020,北京市朝阳区雅宝路10号凯威大厦805室
北京,北京市,北京市大兴区人民政府机关幼儿园,幼儿园,010-69242296,102600,北京市大兴区黄村林校北里
北京,北京市,北京市大兴区奕讯培训学校,幼儿园,010-13911078885,102600,北京市大兴区兴丰南大街３２号
北京,北京市,北京市大地实验幼儿园,幼儿园,010-67135825,100062,北京市崇文区东花市北里西区９号
北京,北京市,北京市安华里幼儿园,幼儿园,010-64234828,100011,北京市朝阳区安华里二区十二号楼
北京,北京市,北京市二十一世纪实验幼儿园,幼儿园,010-88137849,100036,北京市海淀区恩济庄４６号
北京,北京市,北京市人民检察院幼儿园,幼儿园,010-68420317,100000,北京市海淀区紫竹院52号
北京,北京市,北京市六一幼儿园,幼儿园,010-62883025,100091,北京市海淀区青龙桥六间房1号
北京,北京市,北京市六一幼儿院,幼儿园,010-62881078,100091,北京市海淀区青龙桥六间房１号
北京,北京市,北京市宣武区东夹道幼儿园,幼儿园,010-63038088,100052,北京市宣武区前孙公园东夹道4号
北京,北京市,北京市华丰幼儿园,幼儿园,010-84220194,100013,北京市东城区和平里6区21号楼
北京,北京市,北京市宣武区和平门幼儿园艺术培训部,幼儿园,010-83161481,100053,北京市宣武区上斜街66号
北京,北京市,北京市宣武区大栅栏三眼井幼儿园,幼儿园,010-63034102,100051,北京市宣武区三井胡同43号
北京,北京市,北京市宣武区大栅栏大安澜营幼儿园,幼儿园,010-63035971,100050,北京市宣武区大安澜营胡同13号
北京,北京市,北京市宣武区小星星幼儿艺术培训学校,幼儿园,010-63284766,100054,北京市宣武区白纸坊东街６号
北京,北京市,北京市宣武区牛街托儿所,幼儿园,010-63532712,100053,宣武区牛街１２３号
北京,北京市,北京市宣武区牛街枣林西幼儿园,幼儿园,010-63540934,100054,宣武区枣林前街５６号
北京,北京市,北京市宣武区迎春幼儿园,幼儿园,010-63464859,100055,北京市宣武区广外红居七巷13号
北京,北京市,北京市宣武区陶然亭新欣幼儿园,幼儿园,010-63532804,100052,北京市宣武区米市胡同94号
北京,北京市,北京市宣武区马连道幼儿园,幼儿园,010-63273062,100055,北京市宣武区广外街道红莲中里10号
北京,北京市,北京市崇文区东晓市幼儿园,幼儿园,010-67023353,100062,北京市崇文区东晓市大街201号
北京,北京市,北京市崇文区回民幼儿园培训部,幼儿园,010-67120322,100062,北京市崇文区东花市北里东区12楼
北京,北京市,北京市崇文区幸福幼儿园,幼儿园,010-67123985,100062,北京市崇文区幸福大街10号
北京,北京市,北京市崇文区打磨厂幼儿园,幼儿园,010-67020244,100051,北京市崇文区西打磨厂街37号
北京,北京市,北京市崇文区打麽厂幼儿园,幼儿园,010-67020244,100051,北京市崇文区西打麽厂３７号
北京,北京市,北京市崇文区第二幼儿园培训部,幼儿园,010-67116076,100062,北京市崇文区安华北里64号
北京,北京市,北京市工商业联合会安贞东里幼儿园,幼儿园,010-64415503,100029,北京市朝阳区安贞里二区九号楼
北京,北京市,北京市希望幼儿园,幼儿园,010-88702321,100041,北京市石景山区西黄村
北京,北京市,北京市平谷区幼儿园,幼儿园,010-69962246,101200,北京市平谷区平谷镇幸福居民小区１３号
北京,北京市,北京市平谷区第三幼儿园,幼儿园,010-69964947,101200,北京市平谷区平谷镇滨河小区１２号
北京,北京市,北京市平谷区第四幼儿园,幼儿园,010-69960093,101200,北京市平谷区金乡西小区４２号楼
北京,北京市,北京市平谷县第四幼儿园,幼儿园,010-69960093,101200,北京市平谷县金香小区42号
北京,北京市,北京市幸福泉幼儿园,幼儿园,010-66156573,100035,北京市西城区西直门内南草厂冠英园8号
北京,北京市,北京市德采幼儿园,幼儿园,010-68343692,100044,北京市西城区德宝新园18号
北京,北京市,北京市怀柔区第一幼儿园,幼儿园,010-69647457,101400,北京市怀柔区青春路二十三号
北京,北京市,北京市怀柔桃李幼儿园,幼儿园,010-69686902,101400,北京市怀柔县迎宾中路６号
北京,北京市,北京市房山区三八托儿所,幼儿园,010-89323587,102400,北京市房山区城关街道福生胡同
北京,北京市,北京市房山区坨里镇中心幼儿园,幼儿园,010-80376243,102471,北京市房山区坨里
北京,北京市,北京市房山区房山街道办事处幼儿园,幼儿园,010-89322995,102400,北京市房山区城关街道城关南路6号
北京,北京市,北京市房山区燕山幼儿园,幼儿园,010-69341889,102500,北京市房山区燕山杏花西里32号
北京,北京市,北京市房山区窦店中心幼儿园,幼儿园,010-69392095,102433,北京市房山区窦店
北京,北京市,北京市房山区良乡双语实验幼儿园,幼儿园,10-69376263,102401,北京市房山区良乡镇文化路２１号
北京,北京市,北京市房山区良乡地区办事处中心幼儿园,幼儿园,010-69353355,102401,北京市房山区良乡五街
北京,北京市,北京市房山区青龙湖镇中心幼儿园,幼儿园,010-60320498,102447,北京市房山区青龙湖窦各庄
北京,北京市,北京市新星幼儿园,幼儿园,010-69842457,102300,北京市门头沟区河滩增产路12号
北京,北京市,北京市昌平区北海昌房幼儿园,幼儿园,010-69711640,102200,北京市昌平区城北东关
北京,北京市,北京市昌平区委机关幼儿园,幼儿园,010-69741046,102200,北京市昌平区城北一街永安巷5号
北京,北京市,北京市昌平区苹果树幼儿园,幼儿园,010-69751654,102209,北京昌平北七家八仙别墅０６２３号
北京,北京市,北京市昌平区财贸幼儿园,幼儿园,010-69742383,102200,北京市昌平区城北八街大将军胡同2号
北京,北京市,北京市昌平区青草地幼儿园,幼儿园,10-80723378,102206,北京市昌平区沙河镇北二村
北京,北京市,北京市朝阳副食品总公司幼儿园,幼儿园,010-64166443,100027,北京市朝阳区北三里屯北14楼北侧
北京,北京市,北京市朝阳区三里屯街道幼儿园,幼儿园,010-64155366,100027,北京市朝阳区南三里屯西五楼东侧
北京,北京市,北京市朝阳区亚运村地区中心幼儿园,幼儿园,010-64968346,100029,北京市朝阳区安苑北里12楼
北京,北京市,北京市朝阳区六里屯街道中心幼儿园,幼儿园,010-65957662,100025,朝阳区道家园纺织小区甲４号
北京,北京市,北京市朝阳区十八里店乡幼儿园,幼儿园,010-67473299,100020,北京市朝阳区十八里店周家庄322号
北京,北京市,北京市朝阳区协和启迪幼儿园,幼儿园,010-65918118,100025,北京市朝阳区红庙北里６４号楼
北京,北京市,北京市朝阳区南磨房乡幼儿园,幼儿园,010-67314197,100022,北京市朝阳区平乐园小区210楼
北京,北京市,北京市朝阳区博凯智能全纳幼儿园,幼儿园,010-64984204,100101,北京市朝阳区亚运村安慧北里雅园三号
北京,北京市,北京市朝阳区双叶中心幼儿园,幼儿园,010-65917457,100026,北京市朝阳区甜水园东里４３楼
北京,北京市,北京市朝阳区双龙实验幼儿园,幼儿园,010-87313653,100021,北京市朝阳区双龙南里２２５号楼
北京,北京市,北京市朝阳区向日葵艺术幼儿园,幼儿园,010-65585885/85777400 /85...,100025,北京市朝阳区通惠家园Ｅ－１１楼
北京,北京市,北京市朝阳区天爱双语才艺幼儿园,幼儿园,010-64917722,100101,北京市朝阳区北四环东路干杨树甲１６号
北京,北京市,北京市朝阳区家庭教育研究会,幼儿园,010-65015048,100020,北京市朝阳区朝阳大街日坛33号
北京,北京市,北京市朝阳区小橡树幼儿教育培训部,幼儿园,010-64991847,100101,北京市朝阳区亚运村汇园国际公寓H-106
北京,北京市,北京市朝阳区左家庄幼儿园,幼儿园,010-64648930,100028,北京市朝阳区左家庄北里31楼
北京,北京市,北京市朝阳区常营回族乡幼儿园,幼儿园,010-65790199,100024,北京市朝阳区常营第六
北京,北京市,北京市朝阳区幸福天使幼儿园,幼儿园,010-64150507 64184181,100027,北京市朝阳区幸福二村２９号楼
北京,北京市,北京市朝阳区新世纪幼儿园,幼儿园,010-65005550,100020,北京市朝阳区呼家楼新街大院内１６号楼
北京,北京市,北京市朝阳区春宇幼儿园,幼儿园,010-67743304,100021,北京市朝阳区广渠路３６号
北京,北京市,北京市朝阳区服务公司幼儿园,幼儿园,010-64166684,100027,北京市朝阳区北三里屯南17楼东侧
北京,北京市,北京市朝阳区松榆东里幼儿园,幼儿园,010-67343168,100021,北京市朝阳区松榆东里３０号楼
北京,北京市,北京市朝阳区潘家园街道中心幼儿园,幼儿园,010-67310689,100021,北京市朝阳区松榆里３４号楼南
北京,北京市,北京市朝阳区花家地北里幼儿园,幼儿园,010-64736605,100102,北京市朝阳区花家地北里
北京,北京市,北京市朝阳区西坝河第一幼儿园望京新城幼儿园,幼儿园,010-64749563,100102,朝阳区望京新城西园四区４０９楼
北京,北京市,北京市朝阳区青苗幼儿园,幼儿园,010-64664803,100016,北京市朝阳区亮马桥４０号
北京,北京市,北京市朝阳区香河园街道中心幼儿园,幼儿园,010-64650687,100028,北京市朝阳区柳芳北里7号楼
北京,北京市,北京市未来之星实验幼儿园,幼儿园,010-62328803,100083,北京市海淀区学院路14号新区
北京,北京市,北京市桃李幼儿园,幼儿园,010-69686902,101400,北京市怀柔县迎宾中路6号
北京,北京市,北京市水利局幼儿园,幼儿园,010-68529877,100038,北京市海淀区玉渊潭公园内
北京,北京市,北京市海淀区万寿路街道翠微幼儿园,幼儿园,010-68225928,100036,北京市海淀区翠微南里２２号
北京,北京市,北京市海淀区世纪汇佳幼儿园,幼儿园,10-88595252,100089,北京市海淀区四季青昆明湖南路６２号
北京,北京市,北京市海淀区中关村街道第一幼儿园,幼儿园,010-62531629,100080,北京市海淀区中关村北区甲13楼
北京,北京市,北京市海淀区人民政府机关幼儿园,幼儿园,010-62551521,100080,北京市海淀区知春东里14号楼
北京,北京市,北京市海淀区北太平庄育新幼儿园,幼儿园,010-62250374,100088,北京市海淀区文慧园北路甲6号5号楼
北京,北京市,北京市海淀区博雅双语艺术幼儿园,幼儿园,10-88571503,100081,北京市海淀区魏公村街１号韦伯豪家园１０号
北京,北京市,北京市海淀区四季青乡南平庄幼儿园,幼儿园,010-88441226,100089,北京市海淀区四季青乡南平庄122号
北京,北京市,北京市海淀区四季青乡常青幼儿园,幼儿园,010-88448140,100089,北京市海淀区四季青东冉村443号
北京,北京市,北京市海淀区妇联直属海南幼儿园,幼儿园,010-62645810,100080,北京市海淀区海淀南路7号
北京,北京市,北京市海淀区学院路街道展春园幼儿园,幼儿园,010-62321510,100083,北京市海淀区展春园小区20号
北京,北京市,北京市海淀区小星星双语艺术幼儿园,幼儿园,010-62896558,100094,北京市海淀区马连洼梅园小区
北京,北京市,北京市海淀区恩济里幼儿园,幼儿园,010-88132486,100036,北京市海淀区恩济里小区10号
北京,北京市,北京市海淀区本真技术幼儿园,幼儿园,010-62316639,100083,北京市海淀区二里庄小区内
北京,北京市,北京市海淀区海淀乡中心幼儿园,幼儿园,010-62649705,100080,北京市海淀区六郎庄
北京,北京市,北京市海淀区海淀街道厂洼幼儿园,幼儿园,010-68417268,100081,北京市海淀区厂洼小区５号楼西侧
北京,北京市,北京市海淀区玉渊潭中心幼儿园,幼儿园,010-88115407,100036,北京市海淀区八里庄174号
北京,北京市,北京市海淀区羊坊店第一幼儿园,幼儿园,010-63965605,100038,北京市海淀区铁道部宿舍１０３栋
北京,北京市,北京市海淀区群芳培训学校,幼儿园,010-62578061,100094,北京市海淀区永丰屯佃
北京,北京市,北京市海淀区翠湖幼儿园,幼儿园,010-62471402,100094,北京市海淀区上庄乡
北京,北京市,北京市海淀区英才幼儿园,幼儿园,010-62324145,100083,北京市海淀区北四环中路志新村小区12号
北京,北京市,北京市海淀区西山农场幼儿园,幼儿园,010-62465780,100095,北京市海淀区聂各庄台头
北京,北京市,北京市清华洁华幼儿园,幼儿园,010-62782354,100084,北京市海淀区清华大学校内
北京,北京市,北京市燕山少年宫,幼儿园,010-69341241,102500,北京市房山区燕山迎风四里
北京,北京市,北京市燕山幼儿园,幼儿园,010-69341889,102500,北京市房山区燕山杏花西里３２号
北京,北京市,北京市爱心幼儿园,幼儿园,010-89791254,102202,北京市昌平区南口南大街道21号
北京,北京市,北京市王府井大街幼儿园,幼儿园,010-65255723,100006,北京市东城区大勃鸽胡同14号
北京,北京市,北京市电信管理局行政处陶然幼儿园,幼儿园,010-63559086,100052,北京市宣武区黑窑厂西里甲11号
北京,北京市,北京市皇城双语幼稚园,幼儿园,010-66181525,100009,北京市西城区柳荫街甲10号
北京,北京市,北京市石景山区八角北路幼儿园,幼儿园,010-68876355,100043,北京市石景山区八角北路
北京,北京市,北京市石景山区八角幼儿园,幼儿园,010-68874744,100043,北京市石景山区八角南路１４栋楼东侧
北京,北京市,北京市石景山区师范学校附属幼儿园,幼儿园,010-68652877,100039,北京市石景山区永乐东小区
北京,北京市,北京市石景山区民办北方之星幼儿园,幼儿园,010-68687989,100040,北京市石景山区鲁谷西街
北京,北京市,北京市石景山区民办新世纪幼儿园,幼儿园,010-68626456,100040,北京市石景山区八宝山街道六合园八区八号
北京,北京市,北京市石景山区第三幼儿园,幼儿园,010-68872445,100041,北京市石景山区苹果园海特花园幼儿园
北京,北京市,北京市石景山区金顶街街道二北居委会回民托儿所,幼儿园,010-68807289,100041,北京市石景山区金顶街二区
北京,北京市,北京市石景山区金顶街街道办事处幼儿园,幼儿园,010-88732055,100041,北京市石景山区金顶街
北京,北京市,北京市石景山区金顶街街道四区北托儿所,幼儿园,010-68866772,100041,北京市石景山区金顶街四区北
北京,北京市,北京市第一幼儿园附属实验园,幼儿园,010-84275712,100013,北京市东城区安外小黄庄小区南门７号楼
北京,北京市,北京市育龙幼儿园,幼儿园,010-62345848,100083,北京市海淀区东王庄小区7号楼
北京,北京市,北京市蓓蕾幼儿园,幼儿园,010-85825292,100025,北京市朝阳区十里堡壁板厂1号
北京,北京市,北京市蓝天北潞幼儿园,幼儿园,010-89391345,102488,北京市房山区良乡北潞园居住区内
北京,北京市,北京市西城区二龙路察院幼儿园,幼儿园,010-66020859,100031,北京市西城区察院胡同40号
北京,北京市,北京市西城区月坛街道办事处第一幼儿园,幼儿园,010-68527429,100045,北京市西城区三里河北街２３号
北京,北京市,北京市西城区月坛街道办事处第四幼儿园,幼儿园,010-68026906,100045,北京市西城区南礼士路４６号
北京,北京市,北京市西城区福绥境横三条幼儿园,幼儿园,010-66161227,100034,北京市西城区宫门口横胡同8号
北京,北京市,北京市西城区福绥境街道北魏幼儿园,幼儿园,010-66161266,100034,西城区福绥境北魏胡同４０号
北京,北京市,北京市西城区西四北幼儿园,幼儿园,010-66182447,100034,北京市西城区西四北三条11号
北京,北京市,北京市西城区金字塔儿童潜能培训学校,幼儿园,010-68054268,100045,北京市西城区月坛西街东里１６号楼
北京,北京市,北京市西城区阜外街道北营幼儿园,幼儿园,010-68358449,100037,北京市西城区北营房西里
北京,北京市,北京市西草市幼儿园,幼儿园,010-67022454,100050,北京市崇文区西草市东街60号
北京,北京市,北京市西郊粮食仓库迪育幼儿园,幼儿园,010-68186663,100039,北京市海淀区田村路41号
北京,北京市,北京市通州区幼儿园,幼儿园,010-69544030,101100,北京市通州区中山街１０３号
北京,北京市,北京市通州区教工幼儿园,幼儿园,010-69544818,101100,北京市通州区后南仓甲35号
北京,北京市,北京市通州区新城东里幼儿园,幼儿园,010-69545284,101100,北京市通州区新城东里2号楼
北京,北京市,北京市通州区梨园地区中心幼儿园,幼儿园,010-60521452,101101,北京市通州区梨园魏家坟
北京,北京市,北京市通州区民族幼儿园,幼儿园,010-69542233,101100,北京市通州区靳家胡同３号
北京,北京市,北京市通州区永顺镇中心幼儿园,幼儿园,010-69551672,101100,北京市通州区永顺新建
北京,北京市,北京市通州区瀚林华馨幼儿园,幼儿园,10-69505829,101111,北京市通州区台湖镇次渠大街１９号
北京,北京市,北京市通州区马驹桥镇中心幼儿园,幼儿园,010-60508947,101102,北京市通州区马驹桥西店
北京,北京市,北京市金牛幼儿园,幼儿园,010-81787075,102209,北京市昌平区北七家平西府
北京,北京市,北京市门头沟区东辛房幼儿园,幼儿园,010-69842866,102300,北京市门头沟区东辛房北后街３０号
北京,北京市,北京市门头沟区东辛房幼儿园培训部,幼儿园,010-69842866,102300,北京市门头沟区东辛房北后街３０号
北京,北京市,北京市门头沟区城子幼儿园,幼儿园,010-69842266 010-69866416,102300,北京市门头沟区城子中街16号
北京,北京市,北京市门头沟区幼儿园,幼儿园,010-69843196,102300,北京市门头沟区新桥大街４４号
北京,北京市,北京市门头沟区幼儿园艺术培训部,幼儿园,010-69843196,102300,北京市门头沟区新桥大街４４号
北京,北京市,北京市门头沟区新世纪幼儿园,幼儿园,10-61866939,102300,北京市门头沟区滨河居住区
北京,北京市,北京市顺义区万科城市花园幼儿园,幼儿园,010-80497699,101300,北京市顺义区天竺空港开发区B区裕民大街
北京,北京市,北京市顺义区仁和中心幼儿园,幼儿园,010-89449587,101300,北京市顺义区石园南区
北京,北京市,北京市顺义区北小营中心幼儿园,幼儿园,010-60483603,101305,北京市顺义区北小营镇
北京,北京市,北京市顺义区木林中心幼儿园,幼儿园,010-60456082,101314,北京市顺义区木林镇顺焦路木林段83号
北京,北京市,北京市顺义区采风幼儿园,幼儿园,10-89477510,101300,北京市顺义区南彩镇前俸伯村
北京,北京市,北京怀柔精诚文化学校,幼儿园,010-69659964,101400,北京市怀柔县迎宾北路7号
北京,北京市,北京旅行车有限公司幼儿园,幼儿园,010-67563275,100075,北京市丰台区大红门西路26号
北京,北京市,北京明天幼稚集团八幼,幼儿园,010-62986743,100085,北京市海淀区上地东一区
北京,北京市,北京明天幼稚集团第三幼儿园,幼儿园,010-62250293,100088,北京市海淀区新外大街小西志强园小区内
北京,北京市,北京明天幼稚集团第六幼儿园,幼儿园,010-68224231,100039,北京市海淀区玉海园五里21号
北京,北京市,北京明天幼雅集团,幼儿园,010-62015253,100083,北京市海淀区迎春园甲7号
北京,北京市,北京明日之星儿童教育服务中心,幼儿园,010-62325036,100083,北京市海淀区二里庄小区6号楼2门502号
北京,北京市,北京有色金属研究总院幼儿园,幼儿园,010-62014488-4027,100088,北京市海淀区新街口外大街３号
北京,北京市,北京朝阳明昊装饰装璜有限责任公司,幼儿园,010-67705652,100022,北京市朝阳区南房化工路51号
北京,北京市,北京欣欣环文化传播有限公司,幼儿园,010-13671114,102604,北京市朝阳区朝阳门外朝外三条
北京,北京市,北京永泰幼儿园,幼儿园,010-62986743,100085,北京市海淀区西三旗永泰东里48号
北京,北京市,北京海淀区北太平庄街道红旗幼儿园,幼儿园,010-62241397,100088,北京市海淀区红联南村3号
北京,北京市,北京海淀区四季青乡北高庄幼儿园,幼儿园,010-88441013,100089,北京市海淀区四季青乡北高庄155号
北京,北京市,北京海淀区紫竹院街道第二幼儿园,幼儿园,010-68420674,100081,北京市海淀区魏公村小区16楼旁
北京,北京市,北京海淀区羊坊店第二幼儿园,幼儿园,010-68516709,100038,北京市海淀区茂林居6号
北京,北京市,北京燕服幼教中心,幼儿园,010-69343257,102500,北京市房山区向阳里一号
北京,北京市,北京理工后勤集团幼教中心,幼儿园,010-68913925,100081,北京市海淀区中关村南大街5号
北京,北京市,北京百联响羊业合作社,幼儿园,010-61432031,101308,北京市顺义区大孙各庄小段
北京,北京市,北京盘中餐科技中心有限责任公司,幼儿园,010-61431209,101308,北京市顺义区大孙各庄
北京,北京市,北京祥普实业公司幼儿园,幼儿园,010-62311593/62314475,100083,北京市海淀区学院路18号
北京,北京市,北京第九研究所九一幼儿园,幼儿园,010-62014411,100083,北京市海淀区花园路1号
北京,北京市,北京米加勒科技有限公司,幼儿园,010-88445492,100089,北京市海淀区清华大学华业大2513室
北京,北京市,北京红黄蓝儿童潜能教育娱乐有限公司,幼儿园,010-87684087,100078,北京市丰台区方庄芳古园一区28楼通润商务会馆
北京,北京市,北京育新实验幼儿园,幼儿园,010-82906303,100096,北京市海淀区西三旗东育新院内
北京,北京市,北京航空航天大学幼儿园,幼儿园,010-82317163,100083,北京市海淀区学院路37号
北京,北京市,北京蒙台梭利国际幼儿园,幼儿园,010-65326713,100027,北京市朝阳区三里屯北小街７号
北京,北京市,北京通州张家湾镇中心幼儿园,幼儿园,010-69573184,101113,北京市通州区张家湾南许场
北京,北京市,北京金色摇篮潜能开发婴幼园,幼儿园,010-64965391,100029,北京市朝阳区小关北里210号
北京,北京市,北京金苹果幼儿园,幼儿园,010-68815812,100041,北京市石景山区苹果园路16号
北京,北京市,北京金鸡响禽业产供销合作社,幼儿园,010-61432031,101308,北京市顺义区大孙各庄
北京,北京市,北京铁路局生活管理中心第一幼儿园,幼儿园,010-51822561,100038,北京市海淀区羊坊店双贝子坟3号
北京,北京市,北京阳光儿童早教实验中心,幼儿园,010-68257949,100036,北京市海淀区翠微北里10号
北京,北京市,北京飞达航空商贸服务中心,幼儿园,010-65014004,100103,北京市朝阳区团结湖街道白家庄家委会
北京,北京市,北京首创轮胎有限责任公司幼儿园,幼儿园,010-82925113,100096,北京市海淀区西三旗东路
北京,北京市,北京骇海淀区香山幼儿园,幼儿园,010-62590475,100093,北京市海淀区四季青乡香山四王府
北京,北京市,古城地区民族幼儿园,幼儿园,010-68872073,100043,北京市石景山区古城西路
北京,北京市,国内贸易部三里河幼儿园,幼儿园,010-68522532,100045,北京市西城区三里河二区11号
北京,北京市,国务院机关事务管理局花园村幼儿园,幼儿园,010-68421062,100037,北京市海淀区增光路51号
北京,北京市,国家煤炭工业局机关幼儿园,幼儿园,010-64463820,100013,北京市东城区和平里九区甲3号
北京,北京市,国家计划委员会幼儿园,幼儿园,010-68501970,100045,北京市西城区三里河一区40门
北京,北京市,国花幼儿园,幼儿园,010-62896758,100091,北京市海淀区肖家河桥东65号
北京,北京市,国营北京市双桥农场管庄双桥幼儿园,幼儿园,010-65898341,100024,北京市朝阳区管庄咸宁侯
北京,北京市,外交部机关及脏驻处机构服务中心东幼儿园,幼儿园,010-65023412,100020,北京市朝阳区光华西里2号
北京,北京市,大同铁路生活服务中心茶坞幼儿园,幼儿园,010-7123456,101402,北京市怀柔县茶坞铁路地区
北京,北京市,东华门缎库幼儿园,幼儿园,010-65252075,100006,北京市东城区南池子大街缎库胡同18号
北京,北京市,中共中央对外联络部幼儿园,幼儿园,010-83908352,100860,北京市海淀区复兴路4号
北京,北京市,中共中央直属机关事物管理局实验幼儿园,幼儿园,010-66173289,100032,北京市西城区宏庙胡同5号
北京,北京市,中国兵器工业机关服务中心幼儿园,幼儿园,010-68962456,100089,北京市海淀区车道沟十号院
北京,北京市,北医幼儿园,幼儿园,010-62091332,100083,北京市海淀区学院路38号
北京,北京市昌平区,北郊农场幼儿园,幼儿园,010-81792288,102208,北京市昌平区回龙观北郊农场
北京,北京市昌平区,北京市华龙苑物业管理中心幼儿园,幼儿园,010-69791794,,北京市昌平区霍营村西
北京,北京市昌平区,北京市心梦乐园,幼儿园,6271587,,北京市回龙观万润家园北门13号楼1单元202室
北京,北京市昌平区,万花筒幼儿园,幼儿园,8175932 8175932 139102122...,,天通苑北三区内万花筒幼儿园
北京,北京市昌平区,北京市昌平区教工幼儿园,幼儿园,010-89782027,,北京市昌平区西环里小区
北京,北京市昌平区,昌平汇佳幼儿园,幼儿园,010-81737133,,北京市昌平区回龙观文化居住区流星花园一区
北京,北京市昌平区,北京市昌平区工业幼儿园,幼儿园,010-69742271,,城区镇西环路园长:冯春芳
北京,北京市朝阳区,北京冠华世纪科技发展有限公司,幼儿园,010-84806599,,
北京,北京市朝阳区,北京生物制品研究所幼儿园,幼儿园,010-65762911,,北京市朝阳区三间房南里4号院内
北京,北京市朝阳区,北京有机化工厂幼儿园,幼儿园,6771225,,朝阳区化工路北京有机化工厂幼儿园
北京,北京市朝阳区,北人实业公司幼儿园,幼儿园,010-67737711,,朝阳区东三环南路48号
北京,北京市朝阳区,北京炼焦化学厂幼儿园,幼儿园,010-67383866,,朝阳区化工路东口
北京,北京市朝阳区,解放军总装备部后勤部幼儿园,幼儿园,010-66355523,,朝阳区德外安翔北里10号院
北京,北京市朝阳区,船舶七院幼儿园,幼儿园,010-64872211,,北京市朝阳区德外双泉堡甲2号
北京,北京市朝阳区,北京市长空机械公司幼儿园,幼儿园,010-64886312,,北京市朝阳区德胜门外苇子坑安翔里
北京,北京市朝阳区,外交部东郊幼儿园,幼儿园,010-65023412,,北京市朝阳区光华西里2号
北京,北京市朝阳区,朝阳区政府机关幼儿园,幼儿园,010-65094953,,北京市朝阳区雅宝里十一号楼
北京,北京市朝阳区,北京市朝阳区松榆里幼儿园,幼儿园,6733991,,北京市朝阳区松榆里21号楼
北京,北京市朝阳区,北京市朝阳区群星幼儿园,幼儿园,010-64223248,,北京市西坝河西里12号
北京,北京市朝阳区,北京市朝阳区新源里幼儿园,幼儿园,010-64674716,,北京市朝阳区新源里12楼
北京,北京市朝阳区,安贞里第一幼儿园,幼儿园,010-64411019,,
北京,北京市朝阳区,北京市朝阳区京通幼儿园,幼儿园,010-65700439,,北京市朝阳区京通新城38楼
北京,北京市朝阳区,北京市朝阳区花家地幼儿园,幼儿园,010-64730729,,北京市朝阳区花家地一区11楼
北京,北京市朝阳区,京市朝阳区新源里第二幼儿园,幼儿园,0106467,,北京市朝阳区三元里北小街7号
北京,北京市朝阳区,北京市朝阳区西坝河第三幼儿园,幼儿园,010-64678598,,北京市朝阳区西坝河中里20号
北京,北京市朝阳区,朝阳区垡头幼儿园,幼儿园,010-67383337,,北京市朝阳区垡头二区12号
北京,北京市朝阳区,北京市朝阳区秀园幼儿园,幼儿园,0106491,,北京市朝阳区安慧北里秀园19号楼
北京,北京市朝阳区,北京制浆造纸试验厂幼儿园,幼儿园,010-67721102,,北京市朝阳区制浆造纸试验厂
北京,北京市朝阳区,中国轻工业北京设计院幼儿园,幼儿园,010-65826261,,朝阳区白家庄东里2号院
北京,北京市朝阳区,北京市电机总厂幼儿园,幼儿园,010-64362131,,北京市朝阳区酒仙桥北路途7号
北京,北京市朝阳区,北京市第一市政工程公司幼儿园,幼儿园,010-64669309,,北京市朝阳区西坝河东里30号楼
北京,北京市朝阳区,十八里店乡华夏幼儿园,幼儿园,010-67330497,,北京市朝阳区十八里店乡周庄
北京,北京市朝阳区,十八里店乡东明幼儿园,幼儿园,010-67369515,,北京朝阳区十八里店乡西直河村
北京,北京市朝阳区,北京松下彩管有限公司幼儿园,幼儿园,6436335,,北京市朝阳区酒仙桥北路9号
北京,北京市朝阳区,63918部队幼儿园,幼儿园,6635853,,北京市朝阳区东直门外左家庄12号院
北京,北京市朝阳区,北京市朝阳区团结湖街道中心幼园,幼儿园,8598921,,北京市朝阳区团结湖水碓子东里26号楼
北京,北京市朝阳区,第三棉纺织厂幼儿园,幼儿园,010-65574049,,朝阳区朝外慈云寺
北京,北京市朝阳区,北京建材制品总厂幼儿园,幼儿园,010-85765544,,北京市朝阳区高井2号
北京,北京市朝阳区,北京京棉一厂幼儿园,幼儿园,010-65570059,,北京市朝阳区十里堡京棉一厂厂内
北京,北京市朝阳区,北京化工研究院幼儿园,幼儿园,010-64216131,,朝阳区和平街北口12区北京化工研究院
北京,北京市朝阳区,中国建筑科学研究院幼儿园,幼儿园,010-84272233,,北京市朝阳区北三环东路30号
北京,北京市朝阳区,总装备部直属机关幼儿园,幼儿园,010-66350278,,朝阳区安外黄寺大街九号幼儿园
北京,北京市朝阳区,北京市工商联安贞东里幼儿园,幼儿园,010-64415503,,北京市朝阳区安贞里2区9号楼
北京,北京市朝阳区,国家地震局地质研究所幼儿园,幼儿园,010-62009167,,北京市朝阳区德外祁家豁子
北京,北京市朝阳区,朝阳区小关街道对外经贸大学幼园,幼儿园,010-64492456,,北京市朝阳区安定门外惠新里东厂
北京,北京市朝阳区,信息产业部电子十二研究所幼儿园,幼儿园,010-64361731,,朝阳区酒仙桥芳园里十二所幼儿园
北京,北京市朝阳区,北京邮电通信设备厂幼儿园,幼儿园,010-64331487,,北京市朝阳区酒仙桥三街坊
北京,北京市朝阳区,勘测设计院幼儿园,幼儿园,010-65765533,,朝阳区定福庄西街1号
北京,北京市朝阳区,中建一局四公司幼儿园,幼儿园,010-64726644,,北京市朝阳区望花路西里13号楼
北京,北京市朝阳区,航空科研院幼儿园,幼儿园,010-64231166,,北京市朝阳区安外北苑2号院
北京,北京市朝阳区,朝阳区环境卫生管理局幼儿园,幼儿园,6552523,,朝阳区工体南路东草园5巷2号
北京,北京市朝阳区,北京市朝阳区建筑工程公司幼儿园,幼儿园,010-65021872,,朝阳区东大桥路13号
北京,北京市朝阳区,北京蓝岛大厦幼儿园,幼儿园,010-65062601,,北京市朝阳区呼家楼北街6号楼西侧
北京,北京市朝阳区,朝阳副食公司幼儿园,幼儿园,1101056 416644,,朝阳区北三里屯北14楼北侧
北京,北京市朝阳区,中国科学院第三幼儿园分园,幼儿园,010-62007461,,德胜门外华严里中科院苇子坑宿舍16号
北京,北京市朝阳区,煤炭科学研究总院幼儿园,幼儿园,010-84261952,,和平街十三区煤炭总院幼儿园
北京,北京市朝阳区,农业部机关幼儿园,幼儿园,0106507,,北京市朝阳区农展南里11号
北京,北京市朝阳区,北京市京棉二厂幼儿园,幼儿园,010-65570730,,北京市朝阳区东交八里庄1号
北京,北京市朝阳区,北京广播学院幼儿园,幼儿园,010-65779649,,定福庄南里七号
北京,北京市朝阳区,北京市卷烟厂幼儿园,幼儿园,010-65762922,,北京市卷烟厂幼儿园管庄西里42号
北京,北京市朝阳区,中国建材院幼儿园,幼儿园,010-65761331,,朝阳区管庄东里30号
北京,北京市朝阳区,朝阳区化工实验厂育欣幼儿园,幼儿园,0106779,,北京市朝阳区西大望路23号
北京,北京市朝阳区,朝阳区南磨房乡中心幼儿园,幼儿园,010-67314197,,北京市朝阳区平乐园小区210楼
北京,北京市朝阳区,北京市朝阳区小红门中心幼儿园,幼儿园,010-87601131,,北京市朝阳区小红门农贸市场
北京,北京市朝阳区,北京市朝阳区培新幼儿园,幼儿园,010-67633052,,北京市小红门乡龙爪树南里培新幼儿园
北京,北京市朝阳区,北京市王四营乡幼儿园,幼儿园,6736850,,北京市朝阳区王四营乡幼儿园
北京,北京市朝阳区,中国人民解放军63961部队幼儿园,幼儿园,010-66749641,,北京市安定门外北苑1号院幼儿园
北京,北京市朝阳区,人工晶体研究所幼儿园,幼儿园,010-65798711,,东坝红松园1号内人工晶体研究所幼儿园
北京,北京市朝阳区,来广营乡晨曦幼儿园,幼儿园,010-84912646,,北京市朝阳区来广营乡政府西侧
北京,北京市朝阳区,朝阳区安贞街道第四幼儿园,幼儿园,010-64248356,,北京市朝阳区安华西里二区二号楼
北京,北京市朝阳区,香河园街道西坝河东里幼儿园,幼儿园,010-64678696,,香河园街道西坝河东里第一托幼园所
北京,北京市朝阳区,香河园街道西坝河中里幼儿园,幼儿园,010-64651186,,香河园街道西坝河中里22号楼
北京,北京市朝阳区,北京市朝阳区六里屯街道中心幼园,幼儿园,010-65957662,,北京市朝阳区街道家园纺织小区甲4号
北京,北京市朝阳区,劲松街道雨禾儿园,幼儿园,010-67352090,,朝阳区农光东里10号楼
北京,北京市朝阳区,北京市朝阳区潘家园街道中心幼儿,幼儿园,010-67310689,,北京市朝阳区松榆西里34楼南
北京,北京市朝阳区,北京市朝阳区安贞街道中心幼儿园,幼儿园,0106441,,北京市朝阳区安贞西里二区18楼
北京,北京市朝阳区,北京市朝阳区安贞街道第一幼儿园,幼儿园,0106441,,北京市朝阳区安贞里三区13号楼
北京,北京市朝阳区,十八里店乡十里河幼儿园,幼儿园,010-67315199,,北京市朝阳区十八里店乡十里河村
北京,北京市朝阳区,朝阳区左家庄幼儿园,幼儿园,010-64648930,,北京市朝阳区左家庄北里31号楼
北京,北京市朝阳区,左家庄中心幼儿园,幼儿园,010-64660909,,北京市朝阳区左家庄三源里街10号楼
北京,北京市朝阳区,鸿运达物业第二幼儿园,幼儿园,010-64172077,,朝阳区幸福三村新东路2号
北京,北京市朝阳区,北京九龙幼儿园,幼儿园,010-67786418,,北京市朝阳区东三环中路18号
北京,北京市朝阳区,邮政管理局金雁幼儿园,幼儿园,,,朝阳区垂杨柳中里14号楼南
北京,北京市朝阳区,北京市朝阳区亚运村中心幼儿园,幼儿园,010-64913596,100029,北京市朝阳区亚运村安苑北里12号楼
北京,北京市朝阳区,北京电子城幼儿园,幼儿园,010-64371741,,北京朝阳区酒仙桥一街坊甲2号
北京,北京市朝阳区,北京小牛津双语幼儿园,幼儿园,010-64895533,,
北京,北京市朝阳区,北京市朝阳区石佛营幼儿园,幼儿园,010-85815083,,北京市朝阳区石佛营西里4号楼
北京,北京市朝阳区,北京星海艺术幼儿园,幼儿园,010-67348744,,朝阳区松榆西里64号
北京,北京市朝阳区,榆东里幼儿园,幼儿园,010-67343168,,朝阳区松榆东里30号楼
北京,北京市朝阳区,管庄建东苑幼儿园,幼儿园,010-65723265,,北京市朝阳区管庄西里20号
北京,北京市朝阳区,北京博凯智能全纳幼儿园,幼儿园,0106492,,北京市朝阳区世纪村西区6号楼
北京,北京市朝阳区,朝阳区花家地北里幼儿园,幼儿园,010-64736605,,北京市朝阳区花家地北里9号楼
北京,北京市朝阳区,天爱双语才艺幼儿园,幼儿园,010-64917722,,北四环东路甘杨树甲16号
北京,北京市朝阳区,北京市朝阳区双叶幼儿园,幼儿园,010-65917457,,北京市朝阳区甜水园东里43号
北京,北京市朝阳区,蒙台梭利国际幼儿园,幼儿园,,,北京市 北京市区 朝阳区 : 朝阳区三里屯北小街7号
北京,北京市朝阳区,启明双语幼儿园,幼儿园,5863203,,北京市朝阳区广渠路28号珠江帝景小区222栋
北京,北京市大兴区,北京市大兴区福苑双语艺术幼儿园,幼儿园,,102600,
北京,北京市大兴区,北京市大兴区小星星双语艺术幼儿园,幼儿园,010-60258754,,
北京,北京市大兴区,北京亦庄小大人艺术幼儿园,幼儿园,5802076,,北京市亦庄小羊坊小康小区小大人艺术幼儿园
北京,北京市大兴区,丑小丫少儿舞蹈,幼儿园,13391811996,,长途汽车站小商品市场南
北京,北京市大兴区,大兴县工业局幼儿园,幼儿园,,102600,北京市大兴县兴政西里
北京,北京市大兴区,大兴县黄村第四幼儿园,幼儿园,,102600,北京市大兴县清源西里
北京,北京市大兴区,大兴县黄村第三幼儿园,幼儿园,,102600,北京市大兴县富强西里
北京,北京市大兴区,大兴县人民政论机关幼儿园,幼儿园,,102600,北京市大兴县林校北里
北京,北京市大兴区,北京市大兴县黄村第二幼儿园,幼儿园,010-69242302,,
北京,北京市东城区,北京市第一幼儿园,幼儿园,010-64041825,100007,东城区东四北大街汪芝麻胡同19号
北京,北京市东城区,北京市一幼附属实验园,幼儿园,8427571,,安定门外小黄庄小区7号楼
北京,北京市东城区,北京市东城区卫生局第三幼儿园,幼儿园,6524518,,北京站西侧东镇江胡同2号
北京,北京市东城区,北京市第二幼儿园,幼儿园,6525572,100007,王府井大街甘雨胡同36号
北京,北京市东城区,北京东四五条幼儿园,幼儿园,6401489,,东四五条胡同41号
北京,北京市东城区,北京东华门幼儿园,幼儿园,6512434,,东华门北河沿大街149号
北京,北京市东城区,北京分司厅幼儿园,幼儿园,8402462,,安定门内分司厅胡同57号
北京,北京市东城区,北京东棉花幼儿园,幼儿园,6404414,,交道口南大街东棉花胡同20号
北京,北京市东城区,北京大方家幼儿园,幼儿园,6513700,,朝阳门内大方家胡同35号
北京,北京市东城区,北京东城职教中心附属园,幼儿园,6416887,,东直门外十字坡22号
北京,北京市东城区,北京新中街幼儿园,幼儿园,6460214,,东直门外胡家园小区24号楼
北京,北京市东城区,北京雍和宫幼儿园,幼儿园,6403505,,藏经馆胡同27号
北京,北京市东城区,北京市东城区华丰幼儿园,幼儿园,8422909,,和平里六区21号楼
北京,北京市东城区,崇文区第二幼儿园,幼儿园,6714285,,安化北里64号园长:何佩云
北京,北京市东城区,北京市崇文区第二幼儿园,幼儿园,,100062,北京市崇文区安化北里64号
北京,北京市东城区,崇文区北京军区空军蓝天育翔幼儿园,幼儿园,66911844,,北京市崇文区板厂南里11号
北京,北京市东城区,北京市崇文区前门幼儿园,幼儿园,67014817,100051,崇文区西兴隆街135号
北京,北京市东城区,中国人民解放军北京军区空军育翔幼儿园,幼儿园,6691184,100061,北京市崇文区板桥南里11号北空育翔幼儿园
北京,北京市东城区,北京市崇文区第三幼儿园,幼儿园,6701562,100061,北京市崇文区幸福北里12楼对面崇文区第三幼儿园
北京,北京市东城区,北京市崇文区光明幼儿园,幼儿园,6712976,,崇文区光明25楼园长:郝杰兰
北京,北京市东城区,武警北京总队幼儿园,幼儿园,6524197,,崇文门内苏州胡同74号
北京,北京市东城区,北京市第三幼儿园,幼儿园,6605543,,中山公园内
北京,北京市东城区,北京东城区回民幼儿园,幼儿园,6525095,,朝阳门内小牌坊胡同16号
北京,北京市东城区,东城区卫生局第一幼儿园,幼儿园,6525197,,王府井大街锡拉胡同
北京,北京市东城区,新闻出版署幼儿园,幼儿园,6400210,,东四十条113号
北京,北京市东城区,总参军训部幼儿园,幼儿园,6679820,,朝阳门内仓南胡同5号
北京,北京市东城区,民航总局机关幼儿园,幼儿园,6401488,,地安门拐捧胡同2号
北京,北京市东城区,财政部幼儿园,幼儿园,6401836,,大佛寺刚察胡同8号
北京,北京市东城区,空后蓝天幼儿园,幼儿园,6672522,,鼓楼东大街北锣鼓巷99号
北京,北京市东城区,鸿运达客一幼儿园,幼儿园,6236023,,就鼓楼外街64号
北京,北京市东城区,北京军区总医院幼儿园,幼儿园,6400773,,东直门北小街草原胡同58号
北京,北京市东城区,北京自来水集团公司幼儿园,幼儿园,6465157,,东直门外北大街甲4号
北京,北京市东城区,国家煤炭局幼儿园,幼儿园,6426172,,和平里九区甲3号
北京,北京市东城区,国家林业局幼儿园,幼儿园,6421275,,和平里七区甲21号楼
北京,北京市东城区,化学工业部幼儿园,幼儿园,6421289,,和平里化工部院内
北京,北京市东城区,交通部机关幼儿园,幼儿园,6421257,,安华西里三区18号楼
北京,北京市东城区,和平里一区幼儿园,幼儿园,8422201,,和平里一区甲4号院
北京,北京市东城区,柏林寺托儿所,幼儿园,6421504,,和平里南口民旺一区甲18号
北京,北京市东城区,北新幼儿园（好像已经关闭了）,幼儿园,6404028,,北新桥北新胡同三巷3号
北京,北京市东城区,北京西羊管幼儿园,幼儿园,6404584,,西羊管胡同3号
北京,北京市东城区,北京西仓门幼儿园,幼儿园,6404404,,西仓门胡同2号
北京,北京市东城区,十四条回民幼儿园,幼儿园,6404561,,十四条胡同7号
北京,北京市东城区,北京赵堂子幼儿园,幼儿园,6525234,,赵堂子胡同11号
北京,北京市东城区,北京黄化门幼儿园,幼儿园,6404451,,黄化门大街8号
北京,北京市东城区,北京魏家幼儿园,幼儿园,6404040,,魏家胡同19号
北京,北京市东城区,北京锻库幼儿园,幼儿园,6525207,,锻库胡同18号
北京,北京市东城区,北京大经厂幼儿园,幼儿园,010-64045445,100009,东城区大经厂胡同55号
北京,北京市东城区,史家胡同幼儿园,幼儿园,6525005,,史家胡同24号
北京,北京市东城区,北京兴华幼儿园,幼儿园,4032157,,后鼓楼苑36号
北京,北京市东城区,小方家幼儿园,幼儿园,,100010,
北京,北京市东城区,西镇江托儿所,幼儿园,6524541,100005,北京市东城区西镇江胡同25号
北京,北京市东城区,北京市东城区府学胡同幼儿园,幼儿园,6404145,,
北京,北京市东城区,北京市东城区东直门幼儿园,幼儿园,6465157,,
北京,北京市东城区,北京市东城区卫生局第一幼儿园,幼儿园,010-65251975,100006,北京市东城区锡拉胡同19号
北京,北京市东城区,民用航空总局机关幼儿园,幼儿园,6401488 3640747,100009,北京市东城区地安门拐棒胡同2号
北京,北京市东城区,北京市大方家幼儿园,幼儿园,,100010,北京市东城区大方家胡同35号
北京,北京市东城区,北京市东城区北新桥街道二条幼儿园,幼儿园,,100007,北京市东城区北新桥头条22号
北京,北京市东城区,北京市东城区北新桥西羊管幼儿园,幼儿园,,100007,北京市东城区东内西羊管胡同3号
北京,北京市东城区,北京东四八条幼儿园,幼儿园,,100007,北京市东城区东四八条111号
北京,北京市东城区,北京市东城区顺城回民幼儿园,幼儿园,,100010,北京市东城区东四北顺城南沟沿11号
北京,北京市东城区,北京市崇文区安乐幼儿园,幼儿园,6721286,,永外杨家园路10号
北京,北京市东城区,北京打磨厂幼儿园,幼儿园,7020244,,西打磨厂37号
北京,北京市东城区,崇文区永内幼儿园,幼儿园,7025985,,永内东坛根54号后院
北京,北京市东城区,红湖幼儿园,幼儿园,6712302,,龙潭北里三条
北京,北京市东城区,崇文区东市场幼儿园,幼儿园,6702414,,天桥东市场七巷9号
北京,北京市东城区,崇文区西草市幼儿园,幼儿园,,100050,崇文区西草市东街60号
北京,北京市东城区,崇文区东晓市幼儿园,幼儿园,6702335,100062,东晓市大街201号
北京,北京市东城区,北空蓝天育翔幼儿园,幼儿园,6691184,100061,板厂南里11号
北京,北京市东城区,北京铁路生活服务中心永定门幼儿园,幼儿园,5183781,,永定门车站路12号
北京,北京市东城区,天坛公园幼儿园,幼儿园,6702886,,天坛公园西门内
北京,北京市东城区,北京铁路生活服务中心夕照寺幼儿园,幼儿园,6712138,,夕照寺东里20号
北京,北京市东城区,北京崇文区珐琅厂幼儿园,幼儿园,8728115,,永外安乐林路10号
北京,北京市东城区,崇文托儿所分所,幼儿园,6702597,,天坛东侧路南区79号
北京,北京市东城区,鸿运达第五幼儿园,幼儿园,6705638,,永外东街中里7号
北京,北京市东城区,崇文区第三幼儿园,幼儿园,,,幸福北里12楼对面
北京,北京市东城区,北京专业壁画公司,幼儿园,010-81615300 13391709363,,
北京,北京市东城区,北京市崇文区饭食公司幼儿园,幼儿园,,100050,北京市崇文区天桥东市场六巷2号
北京,北京市东城区,北京铁路分局北京生活段永定门幼儿园,幼儿园,,100054,北京市崇文区车站路12号
北京,北京市东城区,北京铁路分局北京生活段夕照寺幼儿园,幼儿园,,100061,北京市崇文区夕照寺东里20号
北京,北京市东城区,北京市崇文区西草市幼儿园,幼儿园,,100050,北京市崇文区西草市东街60号
北京,北京市东城区,北京市崇文区东市场幼儿园,幼儿园,,100050,北京市崇文区9号
北京,北京市东城区,北京市崇文区辰光幼儿园,幼儿园,,100051,北京市崇文区大江胡同46号
北京,北京市东城区,崇文区东小市幼儿园,幼儿园,,100062,北京市崇文区东晓市大街201号
北京,北京市东城区,北京市崇文区永内幼儿园,幼儿园,,100050,北京市崇文区54号
北京,北京市东城区,北京市崇文区幼儿教育研究中心,幼儿园,,100061,北京市崇文区广渠门夕照寺三号
北京,北京市东城区,北京市崇文区回民幼儿园,幼儿园,,100062,北京市崇文区东花市东区12楼
北京,北京市东城区,北京市崇文区东柳树井幼儿园,幼儿园,,100062,北京市崇文区珠市口东大街66号
北京,北京市东城区,幸福幼儿园,幼儿园,,100061,北京市崇文区龙潭
北京,北京市东城区,北京市崇文区永东幼儿园,幼儿园,,100050,北京市崇文区永内东街中里23号
北京,北京市东城区,北京市崇文区实验幼儿园,幼儿园,,100062,北京市崇文区前门奋章胡同53号
北京,北京市东城区,北京市东城区北新桥西仓门幼儿园,幼儿园,,100007,北京市东城区八宝坑24号
北京,北京市东城区,北京市东城区景山三眼井幼儿园,幼儿园,,100009,北京市东城区三眼井胡同29号
北京,北京市东城区,中国中医研究院行政处幼儿园,幼儿园,,100700,北京市东城区北新仓18号
北京,北京市东城区,北京市东城区安定门钟楼湾幼儿园,幼儿园,,100009,北京市东城区安定门钟楼湾11号
北京,北京市东城区,北京市东城区交道口兴华幼儿园,幼儿园,,100009,北京市东城区后鼓楼苑36号
北京,北京市东城区,北京市东城区东直门街道新兴里幼儿园,幼儿园,,100027,北京市东城区东外新兴里19号楼
北京,北京市东城区,人学工业部幼儿园,幼儿园,,100013,北京市东城区和平里化工大院
北京,北京市东城区,北京市东城区北新桥北新幼儿园,幼儿园,,100007,北京市东城区北新胡同三巷3号
北京,北京市东城区,东城区交道口雨儿幼儿园,幼儿园,,100009,北京市东城区雨儿胡同乙15号
北京,北京市东城区,北京市东城区景山魏家幼儿园,幼儿园,,100007,北京市东城区魏家胡同19号
北京,北京市东城区,北京市东城区景山黄化门幼儿园,幼儿园,,100009,北京市东城区黄化门大街8号
北京,北京市东城区,北京市王府大街幼儿园,幼儿园,,100010,北京市东城区大勃鸽胡同14号
北京,北京市东城区,北京市新中街幼儿园,幼儿园,,100027,北京市东城区东外胡家园小区24楼
北京,北京市东城区,北京市东城区人民政府机关幼儿园,幼儿园,,100010,北京市东城区朝阳门本司胡同7号
北京,北京市东城区,北京市东城区回民幼儿园,幼儿园,,100010,北京市东城区南小街小牌仿胡同16号
北京,北京市东城区,北京东城区朝阳门街道史家幼儿园,幼儿园,,100010,北京市东城区史家胡同24号
北京,北京市东城区,新闻出版署培新幼儿园,幼儿园,,100007,北京市东城区东四十条113号
北京,北京市东城区,最高法院机关幼儿园,幼儿园,,100745,北京市东城区东交民巷27号
北京,北京市东城区,北京东城东华门缎库幼儿园,幼儿园,,100006,北京市东城区东华门缎库胡同18号
北京,北京市东城区,北京市东棉花幼儿园,幼儿园,,100009,北京市东城区东棉花胡同甲20号
北京,北京市东城区,北京市分司厅幼儿园,幼儿园,,100009,北京市东城区分司厅胡同57号
北京,北京市东城区,北京市雍和宫幼儿园,幼儿园,,100007,北京市东城区藏经馆27号
北京,北京市东城区,北京市府学胡同幼儿园,幼儿园,,100007,北京市东城区府学胡同61号
北京,北京市东城区,卫生局第二幼儿园,幼儿园,,100007,北京市东城区东四六条甲62号
北京,北京市东城区,六一幼儿园,幼儿园,,100091,北京市海淀区六间房1号
北京,北京市东城区,第一幼儿园,幼儿园,,100007,北京市东城区汪芝麻胡同19号
北京,北京市东城区,团结湖第一幼儿园,幼儿园,,100026,北京市朝阳区团结湖北头条11楼
北京,北京市东城区,东城区分司厅幼儿园,幼儿园,010-64046854,,北京市分司厅胡同57号
北京,北京市东城区,东城区北京市第七幼儿园,幼儿园,010-64008955,,北京市东城区宝钞胡同23号
北京,北京市东城区,东城 新中街幼儿园,幼儿园,010-64682760,,北京东城区胡家园小区24号楼
北京,北京市东城区,东城区 冶金幼儿园,幼儿园,010-83276010,,北京市东城区安外安德路47号冶金幼儿园
北京,北京市东城区,果子市幼儿园,幼儿园,6404016,,鼓楼西大街169号园长:杨小平
北京,北京市东城区,东城区东华门幼儿园,幼儿园,6512434,,西河尚大街149号园长:连玉华
北京,北京市东城区,煤炭工业部机关幼儿园,幼儿园,6421776 25900,,东城和平进而九区3号园长:杨春凤
北京,北京市东城区,中国民用航空总局机关幼儿园,幼儿园,6401488,,地安门拐捧胡同2号园长:陈穗军
北京,北京市东城区,中国人民解放军总政治部幼儿园,幼儿园,6679477 6679477,,安德里北街27号园长:刘九如
北京,北京市东城区,中国人民解放军空军后勤部幼儿园,幼儿园,6672524,,东城区北锣鼓巷99号园长:鲁惠玉
北京,北京市东城区,东城区东四五条幼儿园,幼儿园,6404019,,东四五条41号园长:王小萍
北京,北京市东城区,自来水公司东直门幼儿园,幼儿园,6465157,,东城区东直门北大街甲4号园长:段莹
北京,北京市东城区,林业部幼儿园,幼儿园,6421275 4420810,,东城区和平里七区21号楼园长:唐静风
北京,北京市房山区,房山服装一厂幼儿园,幼儿园,8932855,,房山服装一厂
北京,北京市房山区,北京化工四厂幼儿园,幼儿园,6931355,,北京化工四厂
北京,北京市房山区,北京煤矿机械厂幼儿园,幼儿园,6931320,,北京煤矿机械厂
北京,北京市房山区,北京输油公司幼儿园,幼儿园,6931385,,输油公司
北京,北京市房山区,北京电业幼儿园,幼儿园,6935205,,繁华巷5号
北京,北京市房山区,北京火电建设公司幼儿园,幼儿园,8935336,,北京火电建设公司
北京,北京市房山区,房山区长阳镇中心幼儿园,幼儿园,8035105,,长阳镇长阳村
北京,北京市房山区,房山区坨里镇中心幼儿园,幼儿园,8037624,,；坨里镇坨里村
北京,北京市房山区,房山刘李店幼儿园,幼儿园,010-61393129,,
北京,北京市房山区,房山街道幼儿园,幼儿园,,102400,北京市房山区南关
北京,北京市房山区,燕山幼儿园,幼儿园,,102500,北京市房山区杏花西里
北京,北京市房山区,良乡幼儿园,幼儿园,,102401,北京市房山区三街
北京,北京市房山区,天之骄子智能开发幼儿园,幼儿园,010-69315588 69316688,,房山区城关西大街8号天之骄子智能开发幼儿园
北京,北京市丰台区,芳庄一幼,幼儿园,6762811,,方庄小区芳古园一区16楼
北京,北京市丰台区,芳庄二幼,幼儿园,6763527,,方庄小区芳星园三区22楼
北京,北京市丰台区,芳庄三幼及分园,幼儿园,6764468 6762102,,方庄小区芳城园一区8楼-方庄小区芳城园一区7楼
北京,北京市丰台区,蒲黄榆二幼,幼儿园,6763544,,丰台区蒲安里8号楼
北京,北京市丰台区,青塔幼儿园,幼儿园,6867743,,丰台区青塔小区蔚园15号
北京,北京市丰台区,嘉园一幼,幼儿园,6753280,,丰台区嘉园二里13号楼
北京,北京市丰台区,长辛店一幼,幼儿园,8387668,,丰台区长辛店大寺口20号
北京,北京市丰台区,丰教工托儿所,幼儿园,6382159,,丰台区子阳小区
北京,北京市丰台区,南苑教工幼儿园,幼儿园,6799175,,南苑东长安街12号
北京,北京市丰台区,大红门东楼幼儿园,幼儿园,6722195,100075,丰台区大红门
北京,北京市丰台区,江佳实验园,幼儿园,6769753,,分庄芳古园二区6号
北京,北京市丰台区,阳光双语幼儿园,幼儿园,8725997,,石榴庄北里24号
北京,北京市丰台区,高娃纲琴幼儿园,幼儿园,6867170,,丰台区小石路6号
北京,北京市丰台区,怡海幼儿园,幼儿园,6374322,100070,丰台怡海花园内
北京,北京市丰台区,北分之星幼儿园,幼儿园,6305327,,玉林小区东里一区5楼
北京,北京市丰台区,正阳幼儿园,幼儿园,6371849,,丰台桥南正阳头条5号
北京,北京市丰台区,兴隆幼儿园,幼儿园,6281179,,丰台北大地二里平房
北京,北京市丰台区,胜利幼儿园,幼儿园,6373843,,丰台桥南东兴里118号
北京,北京市丰台区,芳群二幼,幼儿园,6760946,,方庄小区芳群四区10号
北京,北京市丰台区,芳群二幼（分园）,幼儿园,6762978,,方庄小区芳群园二区18号
北京,北京市丰台区,长辛店大街幼儿园,幼儿园,8387629,,长辛店大街100号
北京,北京市丰台区,五里店幼儿园,幼儿园,6381768,100071,丰台五里店小区17号
北京,北京市丰台区,卢沟桥街道二幼,幼儿园,6867145,,青塔小区蔚园15楼北
北京,北京市丰台区,孟村幼儿园,幼儿园,6373458,,丰台区孟村120号
北京,北京市丰台区,新干路幼儿园,幼儿园,6799130,,南苑新干路头道街
北京,北京市丰台区,丰台区政府幼儿园,幼儿园,6381181,,
北京,北京市丰台区,丰台区卫生局幼儿园,幼儿园,6762883,,分庄芳星园三区28号
北京,北京市丰台区,分院幼儿园,幼儿园,6838186,,东高地万源东里90栋
北京,北京市丰台区,三院幼儿园,幼儿园,6837626,,台区云岗东里18号
北京,北京市丰台区,七O一所幼儿园,幼儿园,6837554,,云岗东里8号楼
北京,北京市丰台区,三十一所幼儿园,幼儿园,6837599,,云岗北区东里8号
北京,北京市丰台区,苏星园一幼,幼儿园,6763829,,苏星园二区16号楼
北京,北京市丰台区,201所幼儿园,幼儿园,8386668,,丰台区槐树岭4号
北京,北京市丰台区,首都机械厂幼儿园,幼儿园,6875144,,东高地斜街16号
北京,北京市丰台区,丰台铁路幼儿园,幼儿园,6325183,,丰台桥南韩庄子东里
北京,北京市丰台区,宛平幼儿园,幼儿园,8321474,100072,丰台区晓日苑垂虹街
北京,北京市丰台区,二七车辆厂幼儿园,幼儿园,8387772,,长辛店张郭庄甲1号
北京,北京市丰台区,北分车辆厂幼儿园,幼儿园,8380720,,丰台区米家坟
北京,北京市丰台区,欣宇幼儿园,幼儿园,6756327,,西马场北里15号
北京,北京市丰台区,环球橡胶厂幼儿园,幼儿园,6724763,,永孙海慧寺1号
北京,北京市丰台区,微电机厂幼儿园,幼儿园,6353861,,右孙东二条33号
北京,北京市丰台区,桥果厂幼儿园,幼儿园,6371756,,丰台区葛村51号
北京,北京市丰台区,地铁车辆厂幼儿园,幼儿园,6762113,,永孙宋家庄苇子坑23号
北京,北京市丰台区,红分市幼儿园,幼儿园,6762259,,永外顺回条24号
北京,北京市丰台区,邮局三年慧寺幼儿园,幼儿园,6723355,,永外南项村44楼
北京,北京市丰台区,建村北工厂幼儿园,幼儿园,8386540,,丰台区大灰厂81号
北京,北京市丰台区,北玛建筑厂幼儿园,幼儿园,6353729,,右孙西庄新村西五巷
北京,北京市丰台区,第三热电厂托儿所,幼儿园,8331113,,云岗南区38楼西
北京,北京市丰台区,耐火材料厂幼儿园,幼儿园,8329199,,小郭庄西路36号
北京,北京市丰台区,南厢物资托儿所,幼儿园,6767292,,永外顺6条9号
北京,北京市丰台区,2301部队幼儿园,幼儿园,6687346,,东安街头条19号
北京,北京市丰台区,装工院幼儿园,幼儿园,6671747,,长辛店杜家坎19号
北京,北京市丰台区,66040部队幼儿园,幼儿园,6671501,,东大街七里店路49号
北京,北京市丰台区,空一所幼儿园,幼儿园,6671335,,南苑机场203信箱
北京,北京市丰台区,空没局幼儿园,幼儿园,6671106,,丰台区洋桥12号
北京,北京市丰台区,海航幼儿园,幼儿园,6695927,,丰台东大街5号院
北京,北京市丰台区,51所幼儿园,幼儿园,6686104,,北京7227信箱
北京,北京市丰台区,302医院幼儿园,幼儿园,6693304,,丰台路26号
北京,北京市丰台区,95810部队幼儿园,幼儿园,6691502,,丰台区南苑机场内
北京,北京市丰台区,83963部队幼儿园,幼儿园,6686219,,长辛店槐树岭3号
北京,北京市丰台区,62030部队幼儿园,幼儿园,6694894,,丰台东大街20号
北京,北京市丰台区,红狮幼儿园,幼儿园,,,北京市 北京市区 丰台区 : 丰台区东铁营顺四条24号
北京,北京市丰台区,鹤立实验幼儿园,幼儿园,,,北京市 北京市区 丰台区 : 丰台区芳古园一区11号
北京,北京市丰台区,北京阳光双语艺术幼儿园,幼儿园,8725998 1872599,100079,北京丰台区石榴园北里小区24号阳光双语艺术幼儿园
北京,北京市丰台区,北京铁路分局北京生活段丰西幼儿园,幼儿园,,100071,北京市丰台区丰西北里93号
北京,北京市丰台区,北京市丰台区五爱屯幼儿园,幼儿园,,100076,北京市丰台区五爱屯街11号
北京,北京市丰台区,北京市丰台区右安门办事处三八幼儿园,幼儿园,,100054,北京市丰台区东3条五楼12号
北京,北京市丰台区,机械电子工业部第201研究所前进幼儿园,幼儿园,,100072,北京市丰台区槐树岭4号院
北京,北京市丰台区,北京市丰台区南苑教工幼儿园,幼儿园,,100076,北京市丰台区东长街12号
北京,北京市丰台区,方庄办事处第一幼儿园,幼儿园,,100078,北京市丰台区芳群园二区18号楼
北京,北京市丰台区,北京市丰台区芳古园幼儿园,幼儿园,,100078,北京市丰台区芳古园一区十六楼
北京,北京市丰台区,北京铁路分局北京生活段丰台第三幼儿园,幼儿园,,100071,北京市丰台区韩庄子东里1号
北京,北京市丰台区,航天工业总公司三院幼儿园,幼儿园,,100074,北京市丰台区南区东里18号
北京,北京市丰台区,北京市丰台区方庄第四幼儿园,幼儿园,,100078,北京市丰台区芳古园二区6#楼
北京,北京市丰台区,方庄办事处芳群第二幼儿园,幼儿园,,100078,北京市丰台区芳群园四区10号楼
北京,北京市丰台区,北京市丰台区群英幼儿园,幼儿园,,100077,北京市丰台区西罗园三区十号楼
北京,北京市丰台区,北京市丰台区育英幼儿园,幼儿园,,100077,北京市丰台区九区33号
北京,北京市丰台区,北京市丰台区太平桥东里幼儿园,幼儿园,,100073,北京市丰台区太平桥东里20号院
北京,北京市丰台区,北京市丰台区青塔幼儿园,幼儿园,,100039,北京市丰台区蔚园15号
北京,北京市丰台区,北京市丰台区东罗园幼儿园,幼儿园,,100075,北京市丰台区小区1号楼
北京,北京市丰台区,北京市丰台区樊家村教工幼儿园,幼儿园,,100071,北京市丰台区樊家村56号
北京,北京市丰台区,北京市丰台区人民政府机关幼儿园,幼儿园,,100071,北京市丰台区北大街1号
北京,北京市丰台区,北京市丰台区实验幼儿园,幼儿园,,100078,北京市丰台区芳群园二区10楼
北京,北京市丰台区,方庄第一幼儿园,幼儿园,,100076,北京市丰台区丰台区芳古园一区方庄第一幼儿园
北京,北京市丰台区,北京市丰台区丰台第一幼儿园,幼儿园,,100071,北京市丰台区东大街28号
北京,北京市丰台区,丰台第一幼儿园,幼儿园,63811373,,北京市丰台区东大街乙８号
北京,北京市丰台区,北京市丰台区方庄第一幼儿园,幼儿园,010-67628116,,北京市丰台区方庄芳古园一区16号
北京,北京市丰台区,丰台区方庄鹤立实验幼儿园,幼儿园,010-67603610,,丰台区方庄芳古园一区11号
北京,北京市丰台区,丰台区政府机关幼儿园,幼儿园,010-83656448,,北京市丰台区北大街1号
北京,北京市丰台区,北京市丰台区蒲黄榆第二幼儿园,幼儿园,6762234,,丰台区蒲黄榆蒲安里8号楼园长:李淑清
北京,北京市丰台区,丰台第三幼儿园,幼儿园,63815572,,丰台区五里店园长:大晓红
北京,北京市丰台区,北京市丰台区丰台第四幼儿园,幼儿园,6372639,,丰台区桥南造甲南里17号园长:权明
北京,北京市丰台区,丰台区丰台第一幼儿园,幼儿园,6381137,,丰台区东大街28号
北京,北京市丰台区,丰台区方庄第三幼儿园,幼儿园,6764468,,芳城区一区8号楼园长:马淑英
北京,北京市海淀区,63921部队幼儿园,幼儿园,,,海淀永丰乡辛店一号院18号
北京,北京市海淀区,第二炮兵机关一幼,幼儿园,6633652,,海淀清河小营
北京,北京市海淀区,空研大院蓝天幼儿园,幼儿园,6691913,,海淀西三旗空研大院
北京,北京市海淀区,解放军9511工厂幼儿园,幼儿园,8292933,,海淀西三旗2867信箱
北京,北京市海淀区,61886部队幼儿园,幼儿园,6632208,,海淀清河上地
北京,北京市海淀区,总参装备部后勤小营幼儿园,幼儿园,6636750,,北京2873信箱
北京,北京市海淀区,解放军466医院幼儿园,幼儿园,6841222,,海淀466医院
北京,北京市海淀区,武警总部机关幼儿园,幼儿园,6879446,,海淀万泉庄小区16号楼
北京,北京市海淀区,军乐团幼儿园,幼儿园,6686307,,海淀车道沟8号
北京,北京市海淀区,空军指挥学院幼儿园,幼儿园,6692324,,蓝靛厂西门1号
北京,北京市海淀区,95968部队幼儿园,幼儿园,6692047,,昆明湖南路西郊机场
北京,北京市海淀区,总参管理局幼儿园,幼儿园,6678027,,新外大街23号
北京,北京市海淀区,小天使美语幼儿园,幼儿园,6871231,,车道沟南里小区
北京,北京市海淀区,北京六一幼儿院,幼儿园,6288188,,
北京,北京市海淀区,北京明天幼稚集团,幼儿园,62015253,,
北京,北京市海淀区,北京恩济里幼儿园,幼儿园,8813248,,北京市海淀区恩济里小区10号
北京,北京市海淀区,北京立新学校幼儿园,幼儿园,6831191,,阜成路甲3号
北京,北京市海淀区,海淀南路幼儿园,幼儿园,6264581,,海淀南路
北京,北京市海淀区,人民大学附属幼儿园,幼儿园,6251139,,中关村大街59号
北京,北京市海淀区,轮胎有限责任公司幼儿园,幼儿园,8292511,,海淀建材城西路9号.
北京,北京市海淀区,冶金研究院幼儿园,幼儿园,6294951,,清河小营
北京,北京市海淀区,行星减速机厂幼儿园,幼儿园,8291355,,西三旗东厂内
北京,北京市海淀区,北京制呢厂幼儿园,幼儿园,6291329,,清河镇安宁庄
北京,北京市海淀区,林科院幼儿园,幼儿园,6288938,,海淀厢红旗林科院
北京,北京市海淀区,北京分析仪器厂幼儿园,幼儿园,6245777,,海淀温泉北分厂
北京,北京市海淀区,现代艺术幼儿园,幼儿园,8207701,,罗庄西里7号楼
北京,北京市海淀区,国管局幼儿园],幼儿园,010-68429816,100037,海淀区增光路51号
北京,北京市海淀区,空军直属机关蓝天幼儿园,幼儿园,6698475,,
北京,北京市海淀区,北京军区炮兵幼儿园,幼儿园,,,香山南路红旗村4号
北京,北京市海淀区,总参测绘局幼儿园,幼儿园,6674819,,北三环中路69号
北京,北京市海淀区,北极寺幼儿园,幼儿园,6679609,,海淀花园东路8号
北京,北京市海淀区,总参兵种部第四幼儿园,幼儿园,6674847,,海淀花园北路35号
北京,北京市海淀区,紫竹院二幼,幼儿园,6842067,,魏公村小区16楼西侧
北京,北京市海淀区,展春园幼儿园,幼儿园,6232151,,展春园小区20号
北京,北京市海淀区,羊坊店一幼,幼儿园,6396560,,铁道部宿舍103栋
北京,北京市海淀区,羊坊店二幼,幼儿园,6851670,,茂林居6号
北京,北京市海淀区,培新幼儿园,幼儿园,6256293,,海淀南路22号
北京,北京市海淀区,厂洼幼儿园,幼儿园,6841726,,厂洼小区5号楼西侧
北京,北京市海淀区,北京大学幼儿园,幼儿园,6275156 6275308 6275156,,
北京,北京市海淀区,清华洁华幼儿园,幼儿园,6278235,,
北京,北京市海淀区,海淀区政府机关幼儿园,幼儿园,6255968,,海淀知春东里14号楼
北京,北京市海淀区,中国科学院第一幼儿园（科学院一幼）,幼儿园,6255362,,中关村24号楼旁
北京,北京市海淀区,科学院三幼,幼儿园,6255220,,中关村南一街2号
北京,北京市海淀区,科星幼儿园,幼儿园,6261054,,中关村920楼西侧
北京,北京市海淀区,中关村一幼,幼儿园,6253162,,中关村北一条甲13楼一层
北京,北京市海淀区,育新实验幼儿园,幼儿园,8290630,,育新花园22号楼
北京,北京市海淀区,体育大学幼儿园,幼儿园,6298932,,体育大学
北京,北京市海淀区,501设计部幼儿园,幼儿园,6256238,,海淀知春路82号院
北京,北京市海淀区,清河毛纺织厂幼儿园,幼儿园,6294916,,清河镇毛纺路
北京,北京市海淀区,北毛集团幼儿园,幼儿园,010-62939802,,清河镇北毛厂内
北京,北京市海淀区,小星星双语艺术幼儿园,幼儿园,6289655,,马连洼梅园小区
北京,北京市海淀区,农大西区幼儿园,幼儿园,6273302,100094,北京市海淀区圆明园西路 3 号院
北京,北京市海淀区,电力科学研究院幼儿园,幼儿园,6291320,,清河小营东路7号
北京,北京市海淀区,中国兵器机关幼儿园,幼儿园,6896464,,车道沟十号院
北京,北京市海淀区,北京红旗幼儿园,幼儿园,6224139,,北太平庄红旗南村3号
北京,北京市海淀区,蓟门里幼儿园,幼儿园,6201922,,海淀蓟门里小区
北京,北京市海淀区,冶金建筑总院幼儿园,幼儿园,6222559,,西土城路33号
北京,北京市海淀区,头堆幼儿园,幼儿园,6218083,,北下关头堆村5号
北京,北京市海淀区,航测幼儿园,幼儿园,8232903,,学院路31号
北京,北京市海淀区,铁研幼儿园,幼儿园,6184947,,海淀大柳树路2号
北京,北京市海淀区,北方交通大学幼儿园,幼儿园,5184019,,西直门外上园村3号
北京,北京市海淀区,林业大学幼儿园,幼儿园,6233839,,清华东路35号
北京,北京市海淀区,石勘院幼儿园,幼儿园,6209734,,学院路石油大院内
北京,北京市海淀区,北京科技大学幼儿园,幼儿园,6233285,,学院路30号
北京,北京市海淀区,中国农业大学东区幼儿园,幼儿园,6233698,,
北京,北京市海淀区,北医大幼儿园,幼儿园,6209133,,学院路38号
北京,北京市海淀区,北航幼儿园,幼儿园,8231716,,学院路37号
北京,北京市海淀区,地矿部幼儿园,幼儿园,8232633,,学院路29号
北京,北京市海淀区,北京十五所幼儿园,幼儿园,6232766,,卧虎桥甲6号25分箱
北京,北京市海淀区,北京语言文化大学幼儿园,幼儿园,8230356,,学院路15号
北京,北京市海淀区,石科院祥普公司幼儿园,幼儿园,6231447,,学院路18号
北京,北京市海淀区,公安部一所幼儿园,幼儿园,8851307,,首体南路1号
北京,北京市海淀区,北京六郎庄幼儿园,幼儿园,6264970,,海淀乡六郎庄园子里25号
北京,北京市海淀区,玉渊潭中心幼儿园,幼儿园,8813084,,八里庄174号
北京,北京市海淀区,外文局幼儿园,幼儿园,6841480,,
北京,北京市海淀区,北京燕郊幼儿园,幼儿园,6837230,,阜成路8号
北京,北京市海淀区,中国工商银行幼儿园,幼儿园,8812598,,万寿路八宝庄252号
北京,北京市海淀区,首都师范大学幼教中心,幼儿园,6890255,,
北京,北京市海淀区,北京铁路局幼儿园,幼儿园,5182256,,羊坊店双贝子坟3号
北京,北京市海淀区,未来之星幼儿园,幼儿园,6232880,,学院路
北京,北京市海淀区,北京英才幼儿园,幼儿园,6232414,,北京市海淀区北四环中路志新村小区12号
北京,北京市海淀区,北京岭南幼儿园,幼儿园,8812210,,定慧东里34号
北京,北京市海淀区,北京市私立繁星实验幼儿园,幼儿园,6294876 6295110,,
北京,北京市海淀区,北京阳光早教中心,幼儿园,6825794,,翠微路翠微北里10号楼
北京,北京市海淀区,翠微幼儿园,幼儿园,6822592,,翠微南里小区22号
北京,北京市海淀区,中国机电集团第二研究院中心幼儿园,幼儿园,6838523,,永定路正大南路6号
北京,北京市海淀区,北京青龙桥幼儿园,幼儿园,6288301,,
北京,北京市海淀区,北安河乡中心幼儿园,幼儿园,6245550,,海淀区北安河乡
北京,北京市海淀区,育龙幼儿园,幼儿园,6234584,,清华东路东王庄小区7号
北京,北京市海淀区,北京翠湖幼儿园,幼儿园,6247140,,海淀区上庄乡
北京,北京市海淀区,北京21世纪实验幼儿园恩济一园,幼儿园,8812589 8811595,,海淀恩济庄46号
北京,北京市海淀区,北京21世纪实验幼儿园恩济二园,幼儿园,010-88125026 010-88115050,,"北京西三环航天桥往西定慧寺路口北转500米,21世纪实验学校内"
北京,北京市海淀区,北京市21世纪实验幼儿园玉阜园,幼儿园,8826223 2882649 4786771,,海淀区玉泉路6号院玉阜嘉园内
北京,北京市海淀区,北京21世纪实验幼儿园玉海园,幼儿园,8826223 2010-8826220,,北京市海淀区玉海园一里19号
北京,北京市海淀区,宜宝国际教育,幼儿园,8196571,,北京市海淀区清河永泰园新地标小区甲17
北京,北京市海淀区,中美宜宝幼儿园,幼儿园,8196571,,
北京,北京市海淀区,中国科学院幼儿园,幼儿园,,100080,
北京,北京市海淀区,北京小天使美语幼儿园,幼儿园,,,西三环紫竹桥北洼路车道沟南里小区
北京,北京市海淀区,荆门供销幼儿园,幼儿园,0724-2333243,,荆门市金虾路102号联系
北京,北京市海淀区,北京市海淀区西北旺小学,幼儿园,6289905,100094,北京市海淀区西北旺路106号
北京,北京市海淀区,六郎庄幼儿园,幼儿园,62649705,,海淀乡六郎庄园子里25号
北京,北京市海淀区,亮甲店小学,幼儿园,,100036,北京市海淀区八里庄街道亮甲店1号
北京,北京市海淀区,四季青乡育红幼儿园,幼儿园,010-68152796,100039,
北京,北京市海淀区,南京市回民幼儿园,幼儿园,025-86653925,,建邺区茶南仁园内
北京,北京市海淀区,湘潭市直机关第二幼儿园,幼儿园,0732-8261071,,湖南省湘潭市雨湖区广新巷28号
北京,北京市海淀区,海淀区 海军第三幼儿园,幼儿园,010-66954031,,西三环中路19号海军大院内
北京,北京市海淀区,海淀区空直蓝天幼儿园,幼儿园,010-66984451,,北京市海淀区复兴路14号
北京,北京市海淀区,海淀区中国兵器工业机关服务中心幼儿园,幼儿园,010-68962456,,北京市车道沟10号院
北京,北京市海淀区,海淀区北京岭南幼儿园,幼儿园,010-88140034 88149546,,北京市海淀区定慧寺定慧东里34号
北京,北京市海淀区,海淀区北京市六一幼儿园,幼儿园,62883140,,北京市海淀区青龙桥
北京,北京市海淀区,绍兴诸暨市浣江幼儿园,幼儿园,0575-7111077,,浣沙北路32号
北京,北京市海淀区,镇江贺家弄幼儿园,幼儿园,4422944,,贺家弄村
北京,北京市海淀区,东府幼儿园,幼儿园,0288665,,
北京,北京市海淀区,幸福泉 幼儿园,幼儿园,010-84961463 8496146,,朝阳区北苑家园绣菊园2号
北京,北京市海淀区,幸福泉天使幼儿园,幼儿园,010-64154181 6417072,,朝阳区幸福二村29号楼
北京,北京市海淀区,国家旅游局幼儿园,幼儿园,6466867,,朝阳区静安东里6号楼园长:李良红
北京,北京市海淀区,农业部幼儿园,幼儿园,6507552,,农展南里11号园长:吴珊
北京,北京市海淀区,朝阳区团结湖第一幼儿园,幼儿园,6425169,,朝阳区安华里园长:郭文英
北京,北京市海淀区,鲍家街幼儿园,幼儿园,010-66022312,,复兴门内大街前老来街38号园长:张淑兰
北京,北京市海淀区,外经贸部机关幼儿园,幼儿园,6524621,,崇文区台基石三条2号园长:宋小茹
北京,北京市海淀区,北京军区空军宇锋幼儿园,幼儿园,6618991,,西城区群力胡同17号园长:黄兴仪
北京,北京市海淀区,公安部幼儿园,幼儿园,010-63261827,,木樨地北里2号园长:张秀珍
北京,北京市海淀区,北海幼儿园,幼儿园,6404274 5640704,,地安门西大街22号园长:卢姗姗
北京,北京市海淀区,北京市第六幼儿园,幼儿园,6404422,,西城区旧鼓楼大街43号园长:李建丽
北京,北京市海淀区,冶金工业部幼儿园,幼儿园,6421277,,安定门外地兴居47号园长:赵玉华
北京,北京市海淀区,北京市宣武区三教寺幼儿园,幼儿园,6352779,,宣武区白纸坊东街6号园长:尹会美
北京,北京市海淀区,装甲兵工程学院幼儿园,幼儿园,6671747,,丰台区装甲兵工程学院崔村19号院园长:王季青
北京,北京市海淀区,北京市昌平区机关幼儿园,幼儿园,010-69741046,,鼓楼南大街永安巷5号园长:刘淑新
北京,北京市海淀区,北京明天幼稚集团第五幼儿园,幼儿园,010-62543244,,
北京,北京市海淀区,中国人民解放军总医院幼儿园,幼儿园,6693730,,海淀区复兴路28号园长:葛蓓莉
北京,北京市海淀区,北京明天幼稚集团第二幼儿园,幼儿园,010-62550349,,
北京,北京市海淀区,北京明天幼稚集团第一幼儿园,幼儿园,010-62015251,,
北京,北京市海淀区,北京市东城区职业教育中心学校附属幼儿园,幼儿园,6416192,,
北京,北京市海淀区,中国人民解放军国防大学第一幼儿园,幼儿园,6676429,,
北京,北京市海淀区,北京军区司令部幼儿园,幼儿园,6637954,,八大处甲1号园长:孙双池
北京,北京市海淀区,北京市宣武区槐柏树幼儿园,幼儿园,6302110 100053,,槐柏树南里10号楼
北京,北京市海淀区,航天部第一研究院幼儿园,幼儿园,6838186,,丰台区万源路东高地90栋园长:张琳
北京,北京市海淀区,北京市延庆县新城幼儿园,幼儿园,010-69142291,,延庆县新城街5号园长:支秀风
北京,北京市海淀区,中央音乐学院中和音乐艺术幼儿园,幼儿园,0106245 6569624 62854,,北京市海淀区黑龙潭中央音乐学院教学基地
北京,北京市海淀区,中国人民解放军总后勤部六一幼儿园,幼儿园,6688441 6688803,,丰台北大地75号院内园长:薛春霞
北京,北京市海淀区,中国航天工业总公司第三研究院幼儿园,幼儿园,6837543,,丰台区云港北里18号园长:徐艳
北京,北京市海淀区,解放军总参炮兵幼儿园,幼儿园,6682794,,海淀区复兴路24号园长:郑紫云
北京,北京市海淀区,航天机关幼儿园,幼儿园,6837240 9683716,,海淀区阜成路8号园长:李秀英
北京,北京市海淀区,兵器工业总公司车道沟幼儿园,幼儿园,6896245,,海淀区车道沟10号院园长:闫慧
北京,北京市海淀区,中国科学院第一幼儿园,幼儿园,6255362,,中关村24楼旁一幼园长:郭美仙
北京,北京市海淀区,国务院机关事务管理局幼儿园,幼儿园,6842016 2684298,,海淀区增光路5号园长:陈文萍
北京,北京市海淀区,中国科学院第硒幼儿园,幼儿园,6255220,,中关村南一街2号园长:李树荣
北京,北京市海淀区,金牛子幼稚园,幼儿园,6071382 6729368,102200,昌平莽山森林公园以东1.5公里，昌平县十三陵水库路华蓄水电培训中心
北京,北京市海淀区,中国人民解放军总后勤部五一幼儿园,幼儿园,6688734 6688544,,太平路31号园长:关俊英
北京,北京市海淀区,中国人民解放军海军直属机关第二幼儿园,幼儿园,6695402 1669540,,
北京,北京市海淀区,中国人民解放军军事科学院幼儿园,幼儿园,6676725,,海淀区镶红旗园长:杨毅
北京,北京市海淀区,北京师范大学实验幼儿园,幼儿园,6220812,,新外大街19号北师大院内园长:张澜
北京,北京市海淀区,水利局幼儿园,幼儿园,6851483,,玉渊潭公园内园长:陈风云
北京,北京市怀柔区,同铁路分局大秦铁路公司茶坞幼儿园,幼儿园,,101402,北京市怀柔县桥梓
北京,北京市怀柔区,北京市怀柔县第二幼儿园,幼儿园,010-69622792,,湖光滤我15号园长:梅永勤
北京,北京市怀柔区,北京怀柔爱心幼儿园,幼儿园,6166778,,北京市怀柔区雁栖镇乐园庄
北京,北京市怀柔区,北京市怀柔县工业局幼儿园,幼儿园,,101400,北京市怀柔县商业街26号
北京,北京市怀柔区,宝山寺中心幼儿园,幼儿园,,101411,北京市怀柔县宝山寺
北京,北京市怀柔区,怀柔县第一幼儿园,幼儿园,,101400,北京市怀柔县新街
北京,北京市密云县,密云县工业局幼儿园,幼儿园,,101500,北京市密云县鼓楼东大街47号
北京,北京市密云县,密云县卫生局幼儿园,幼儿园,,101500,北京市密云县西鱼市口
北京,北京市密云县,密云县供销合作社联合社幼儿园,幼儿园,,101500,北京市密云县马连胡同
北京,北京市密云县,农机局幼儿园,幼儿园,,101500,北京市密云县玉皇庙
北京,北京市密云县,密云县机关幼儿园,幼儿园,,101500,北京市密云县东大街
北京,北京市平谷区,平谷区第五幼儿园,幼儿园,6995601,101200,北京市平谷区兴谷园小区甲５号
北京,北京市平谷区,平谷县欣芽幼儿园,幼儿园,,101200,北京市平谷县建设南街
北京,北京市平谷区,北京市平谷县第三幼儿园,幼儿园,,101200,北京市平谷县滨河
北京,北京市平谷区,平谷县第四幼儿园,幼儿园,,101200,北京市平谷县金乡小区42号
北京,北京市平谷区,平谷县第二幼儿园,幼儿园,,101200,北京市平谷县幸福小区12号
北京,北京市平谷区,平谷县幼儿园,幼儿园,,101200,北京市平谷县幸福小区13号
北京,北京市石景山区,地铁古城车辆幼儿园,幼儿园,6887339,,石景山区杨庄地铁
北京,北京市石景山区,石景山发电厂幼儿园,幼儿园,8891115,,石景山区广宁村
北京,北京市石景山区,北京市石景山区古城街道幼儿园,幼儿园,,100043,北京市石景山区古城
北京,北京市石景山区,北京市石景山区古城地区民族幼儿园,幼儿园,,100043,北京市石景山区古城西路
北京,北京市石景山区,北方工业大学幼儿园,幼儿园,,100041,北京市石景山区西黄村
北京,北京市石景山区,北京市石景山区第二幼儿园,幼儿园,,100043,北京市石景山区八角南路东街
北京,北京市石景山区,北京市石景山区幼儿师范学校,幼儿园,,100041,北京市石景山区苹果园七区
北京,北京市石景山区,北京市石景山区师范附属幼儿园,幼儿园,,100039,北京市石景山区永乐小区
北京,北京市石景山区,北京市石景山区幼儿园,幼儿园,,100043,北京市石景山区古城南里
北京,北京市石景山区,石景山区石景山第三幼儿园,幼儿园,010-88792445,,八大处高科技发展园区
北京,北京市石景山区,石景山区北京军区政治部幼儿园,幼儿园,66399547,,北京市石景山区八大处甲1号军区政治部幼儿园
北京,北京市石景山区,石景山区石景山实验幼儿园,幼儿园,010-68874902,,石景山区古城南里
北京,北京市石景山区,首钢六幼,幼儿园,6887287,,石景山区苹果园四区
北京,北京市顺义区,顺义县南彩镇中心幼儿园,幼儿园,,101300,北京市顺义县南彩
北京,北京市顺义区,李遂镇中心幼儿园,幼儿园,,,北京市 北京市区 顺义区 : 顺义区李遂镇
北京,北京市顺义区,顺义县大孙各庄镇中心幼儿园,幼儿园,,101308,北京市顺义县大孙各庄
北京,北京市顺义区,北京市顺义区仁和幼儿园,幼儿园,8944606,,
北京,北京市顺义区,顺义区幸福幼儿园,幼儿园,0106942,,
北京,北京市顺义区,高丽营镇中心幼儿园,幼儿园,,101303,北京市顺义县四村
北京,北京市顺义区,顺义县尹家府中心幼儿园,幼儿园,,101308,北京市顺义县四福庄
北京,北京市顺义区,顺义县义宾幼儿园,幼儿园,,101300,北京市顺义县义宾
北京,北京市顺义区,顺义县牛山镇中心幼儿园,幼儿园,,101301,北京市顺义县安乐
北京,北京市顺义区,北京市顺义县北小营乡中心幼儿园,幼儿园,,101305,北京市顺义县北小营
北京,北京市顺义区,木林中心幼儿园,幼儿园,,101300,北京市顺义县木林
北京,北京市顺义区,北京顺义县付食品公司幼儿园,幼儿园,,101300,北京市顺义县光明北
北京,北京市顺义区,顺义县华夏公贸集团公司幼儿园,幼儿园,,101300,北京市顺义县幸福街
北京,北京市顺义区,顺义县滨河幼儿园,幼儿园,,101300,北京市顺义县潮白新村
北京,北京市顺义区,顺义县供销合作社幼儿园,幼儿园,,101300,北京市顺义县幸福西街
北京,北京市顺义区,顺义县杨镇中心幼儿园,幼儿园,,101309,北京市顺义县二街
北京,北京市顺义区,顺义县第五幼儿园,幼儿园,,101300,北京市顺义县石园
北京,北京市顺义区,顺义县西辛幼儿园,幼儿园,,101300,北京市顺义县西辛小区
北京,北京市顺义区,顺义县建新幼儿园,幼儿园,,101300,北京市顺义县建北
北京,北京市顺义区,顺义县幼儿教育培训中心,幼儿园,,101300,北京市顺义县建南
北京,北京市顺义区,顺义县第三幼儿园,幼儿园,,101300,北京市顺义县建南
北京,北京市顺义区,顺义县天竺中心幼儿园,幼儿园,,101312,北京市顺义县天竺
北京,北京市通州区,通州区街道中心幼儿园,幼儿园,6954136 0806015,,北京市通州区如意园甲12号楼
北京,北京市通州区,汇佳儿童馆,幼儿园,8950554,,
北京,北京市通州区,通州区东方幼儿园,幼儿园,6954114,,通州区玉带河大街141号东方生活区院内
北京,北京市通州区,通州区如意中心幼儿园,幼儿园,010-69558733 69541360,,北京市通州区
北京,北京市通州区,通州区新苗幼儿园,幼儿园,010-89558599 6954989,,新建园:北京市通州区新建小区5号楼；潞苑园:通州区靶场路潞苑嘉园小区27号楼
北京,北京市通州区,通州区天使宝贝双语艺术幼儿园,幼儿园,010-80855171 010-80855170,,北京市通州区通胡大街25号河畔丽景小区内
北京,北京市西城区,西四北幼儿园,幼儿园,6618154,,
北京,北京市西城区,北京西城回民幼儿园,幼儿园,8208237,,新明胡同乙1号
北京,北京市西城区,西城区新京畿道幼儿园,幼儿园,6602204,,二龙路京畿道12号
北京,北京市西城区,月坛第一幼儿园,幼儿园,6852742,,三里河北街23号
北京,北京市西城区,北新华街幼儿园,幼儿园,6605478,100031,北京市北京市辖区西城区东安福胡同35号
北京,北京市西城区,府右街幼儿园,幼儿园,6602107,100032,府右街21号
北京,北京市西城区,大拐棒幼儿园,幼儿园,6617647,100034,大拐棒胡同15号
北京,北京市西城区,西四北三条幼儿园,幼儿园,6611370,100034,西四北三条19号
北京,北京市西城区,察院幼儿园,幼儿园,6602085,,察院胡同40号
北京,北京市西城区,横三条幼儿园,幼儿园,6616122,100034,宫门口横胡同8号
北京,北京市西城区,车公庄幼儿园,幼儿园,6835452,,车公庄北里一区14楼
北京,北京市西城区,月坛二幼,幼儿园,6801517,,真武庙三里4号楼中门1号
北京,北京市西城区,月坛四幼,幼儿园,6802690,,南礼士路46号
北京,北京市西城区,福绥境幼儿园,幼儿园,6616128,100034,福绥境胡同乙32号
北京,北京市西城区,中直实验幼儿园,幼儿园,6615545,,宏庙胡同5号
北京,北京市西城区,中办警卫局幼儿园,幼儿园,6309363,,北长街58号
北京,北京市西城区,机械机关幼儿园,幼儿园,6831129,,百万庄北街2号
北京,北京市西城区,国家经贸委商业机关服务中心幼儿园,幼儿园,6852253,,三里河二区11号
北京,北京市西城区,文化部幼儿园,幼儿园,6404149,,小石桥甲24号
北京,北京市西城区,铁道部机关幼儿园,幼儿园,6324338,100038,北京市海淀区复兴路10号
北京,北京市西城区,全国总工会机关幼儿园,幼儿园,6859239,,复兴门外大街10号
北京,北京市西城区,国家经贸委物资机关服务中心幼儿园,幼儿园,6839284,,月坛北街25号
北京,北京市西城区,水利部机关幼儿园,幼儿园,6803640,,南营房甲4号
北京,北京市西城区,国家广播电影电视总局第一幼儿园,幼儿园,6618715,,育德胡同15号
北京,北京市西城区,国家计划委员会机关幼儿园,幼儿园,6850197,,三里河一区40门
北京,北京市西城区,中国儿童中心实验幼儿园,幼儿园,8661207,,平安里西大街43号
北京,北京市西城区,解放军报社幼儿园,幼儿园,6672093,,阜外大街34号
北京,北京市西城区,北京卫戍区机关幼儿园,幼儿园,6672448,,定阜街3号
北京,北京市西城区,第二炮兵机关幼儿园,幼儿园,6634683,,大拐棒胡同55号
北京,北京市西城区,国防部外事办幼儿园,幼儿园,6674756,,德外黄寺大街25号
北京,北京市西城区,北京市鸿雁幼儿园,幼儿园,,,万明园小区5号楼
北京,北京市西城区,北京市农业局幼儿园,幼儿园,8207848,,北三环中路19号
北京,北京市西城区,北京市民政局幼儿园,幼儿园,6801191,,月坛西街甲2号
北京,北京市西城区,北京洁如保育院,幼儿园,6606588,,按院胡同7号
北京,北京市西城区,婴幼保育实验院,幼儿园,6606133,,西四北六条23号
北京,北京市西城区,商业三里河幼儿园,幼儿园,,100045,西城区三里河二区18号
北京,北京市西城区,北京大学第一医院幼儿园,幼儿园,6617408,,大红罗厂街6号
北京,北京市西城区,中和艺术幼儿园,幼儿园,6404069,,鸦儿胡同21号
北京,北京市西城区,华油北京服务总公司幼儿园,幼儿园,6209551,,六铺炕二区29号楼
北京,北京市西城区,中航设计院幼儿园,幼儿园,6203852,,新外大街甲8号
北京,北京市西城区,平安里幼儿园,幼儿园,,,育德胡同
北京,北京市西城区,中共北京市委党校幼儿园,幼儿园,,100044,
北京,北京市西城区,西城区厂桥街道后罗幼儿园,幼儿园,,100035,
北京,北京市西城区,北京市西城区房屋土地管理局幼儿园,幼儿园,,100034,
北京,北京市西城区,北京市西城区副食品公司辟才幼儿园,幼儿园,,100032,北京市西城区辟才胡同17号
北京,北京市西城区,北京市西城区福绥境街道翠花街幼儿园,幼儿园,,100034,北京市西城区翠花街胡同18号
北京,北京市西城区,北京铁路分局西直门生活站平安里幼儿园,幼儿园,,100035,北京市西城区育德胡同5号
北京,北京市西城区,北京铁路分局西直门生活站冰洁第一幼儿园,幼儿园,,100034,北京市西城区阜成门内冰洁胡同10号
北京,北京市西城区,北京铁路分局西直门生活站冰洁第二幼儿园,幼儿园,,100034,北京市西城区阜成门内冰洁胡同31号
北京,北京市西城区,北京市西城区福绥境街道横三条幼儿园,幼儿园,,100034,北京市西城区宫门口横胡同8号
北京,北京市西城区,北京市西城区厂桥街道兴华幼儿园,幼儿园,,100009,北京市西城区兴华29号
北京,北京市西城区,北京市西城区厂桥街道后罗幼儿园,幼儿园,,100035,北京市西城区前罗圈14号
北京,北京市西城区,西城区西长安街街翠花街幼儿园,幼儿园,,100031,北京市西城区南翠花街22号
北京,北京市西城区,北京市西城区厂桥街道大拐棒幼儿园,幼儿园,,100034,北京市西城区大拐棒幼儿园
北京,北京市西城区,北京市西城区丰盛街道办事处北太常幼儿园,幼儿园,,100032,北京市西城区北太常胡同12号
北京,北京市西城区,北京市西城区德外东后街幼儿园,幼儿园,,100011,北京市西城区东后街9号
北京,北京市西城区,北京市西城区福绥境街道福绥境幼儿园,幼儿园,,100034,北京市西城区福绥境胡同32号
北京,北京市西城区,北京市西城区察院幼儿园,幼儿园,,100031,北京市西城区察院胡同40号
北京,北京市西城区,北京市西城区西四北七条幼儿园,幼儿园,,100034,北京市西城区西四北三条11号
北京,北京市西城区,北京市西城区华新幼儿园,幼儿园,,100034,北京市西城区西四北三条11号
北京,北京市西城区,北京市西城区新街口街道羊房幼儿园,幼儿园,,100009,北京市西城区德内大街羊房胡同23号
北京,北京市西城区,北京市西城区福绥境街道西四北三条幼儿园,幼儿园,,100034,北京市西城区西四北三条19号
北京,北京市西城区,北京市西城区德外街道回民幼儿园,幼儿园,,100011,北京市西城区礼拜寺街25号
北京,北京市西城区,北京市西城区月坛街道办事处第二幼儿园,幼儿园,,100045,北京市西城区真武庙三里4号楼
北京,北京市西城区,北京市民政局机关幼儿园,幼儿园,,100045,北京市西城区甲2号
北京,北京市西城区,西城区月坛街道办事处第四幼儿园,幼儿园,,100045,北京市西城区南礼士路46号
北京,北京市西城区,北京市西城区展览路街道小园幼儿园,幼儿园,,100044,北京市西城区北礼西二条4号
北京,北京市西城区,中国船舶工业总公司幼儿园,幼儿园,,100045,北京市西城区三里河三区38号
北京,北京市西城区,国家海洋局机关幼儿园,幼儿园,,100037,北京市西城区复外大街1号
北京,北京市西城区,北京市西城区育红幼儿园,幼儿园,,100035,北京市西城区八道湾胡同10号
北京,北京市西城区,北京市西城区二龙路抄手幼儿园,幼儿园,,100031,北京市西城区抄手胡同56号
北京,北京市西城区,西城区西长安街街道北新华街幼儿园,幼儿园,,100031,北京市西城区东安福35号
北京,北京市西城区,西城区西长安街街道背阴幼儿园,幼儿园,,100031,北京市西城区背阴胡同17号
北京,北京市西城区,北京市西城区鲍家街幼儿园,幼儿园,,100031,北京市西城区前老莱街38号
北京,北京市西城区,北京市西城区后海幼儿园,幼儿园,,100009,北京市西城区后海北沿23号
北京,北京市西城区,中华全国总工会机关事务管理局幼儿园,幼儿园,,100865,北京市西城区复外大街10号
北京,北京市西城区,中国轻工总会幼儿园,幼儿园,,100045,北京市西城区南礼士路46号
北京,北京市西城区,北京市西城区新街口街道高井幼儿园,幼儿园,,100035,北京市西城区新街口高井胡同16号
北京,北京市西城区,广播电影电视部第二幼儿园,幼儿园,,100866,北京市西城区复外大街2号
北京,北京市西城区,北京市西城区月坛街道办事处第三幼儿园,幼儿园,,100045,北京市西城区三里河一区58排
北京,北京市西城区,西城区月坛办事处第一幼儿园,幼儿园,,100045,北京市西城区月坛北街23号
北京,北京市西城区,国内贸易部月坛幼儿园,幼儿园,,100834,北京市西城区月坛北街25号
北京,北京市西城区,北京市西城区展览路街道办事处曙光幼儿园,幼儿园,,100037,北京市西城区百万庄北里1号
北京,北京市西城区,卫生部幼儿园,幼儿园,,100009,北京市西城区鼓楼西大街鸦儿胡同21
北京,北京市西城区,北京市西城区展览路街道车公庄幼儿园,幼儿园,,100044,北京市西城区车公庄北里14楼
北京,北京市西城区,北京市西城区新街口街道果子市幼儿园,幼儿园,,100009,北京市西城区鼓楼西大街169号
北京,北京市西城区,宣武区幸福时光幼儿园,幼儿园,010-63536353 83515511,,北京市宣武区黑窑厂西里甲11号
北京,北京市西城区,宣武区和平门幼儿园,幼儿园,010-63181953,,北京市宣武区上斜街66号
北京,北京市西城区,北京市宣武区和平门幼儿园,幼儿园,6315399 6303568,,
北京,北京市西城区,北京市宣武区长椿街幼儿园,幼儿园,6310415 4630110,,槐柏树街园长:景琴
北京,北京市西城区,北京市第四幼儿园,幼儿园,6352035 6352199,,宣武区樱桃三条7号园长:金幼中
北京,北京市西城区,宣武区实验幼儿园,幼儿园,6303305,,南新华街21号园长:吴欣萍
北京,北京市西城区,宣武区虎坊路幼儿园,幼儿园,6603069,,宣武区虎坊路园长:李金凤
北京,北京市西城区,北京市宣武区牛街第二回民幼儿园,幼儿园,,100053,北京市宣武区东大胡同甲4
北京,北京市西城区,宣武区宣外大街幼儿园,幼儿园,,100052,北京市宣武区宣外大街102号
北京,北京市西城区,北京市宣武区大栅栏街道大安澜营幼儿园,幼儿园,,100051,北京市宣武区大安澜营胡同13号
北京,北京市西城区,北京起重设备厂幼儿园,幼儿园,,100053,北京市宣武区南线阁38号旁门
北京,北京市西城区,北京市宣武区大栅栏街道西柳树井幼儿园,幼儿园,,100050,北京市宣武区珠市口西大街111号
北京,北京市西城区,北京市宣武区红线幼儿园,幼儿园,,100052,北京市宣武区红线胡同56号
北京,北京市西城区,北京市第一商业局幼儿园,幼儿园,,100053,北京市宣武区10号
北京,北京市西城区,北京市宣武区育新街幼儿园,幼儿园,,100054,北京市宣武区育新街甲3号
北京,北京市西城区,北京市宣武区老墙根幼儿园,幼儿园,,100053,北京市宣武区老墙根街65号
北京,北京市西城区,北京市宣武区枣林西街幼儿园,幼儿园,,100053,北京市宣武区枣林前街56
北京,北京市西城区,北京市宣武区烂缦胡同幼儿园,幼儿园,,100052,北京市宣武区烂缦胡同101号
北京,北京市西城区,北京市宣武区牛街回民幼儿园,幼儿园,,100053,北京市宣武区寿刘胡同39
北京,北京市西城区,北京市宣武区广外白菜湾幼儿园,幼儿园,,100055,北京市宣武区白菜湾四巷十号
北京,北京市西城区,北京市宣武区广外迎春幼儿园,幼儿园,,100055,北京市宣武区红居七巷13号
北京,北京市西城区,北京市宣武区房地产管理局幼儿园,幼儿园,,100054,北京市宣武区红土店5号楼
北京,北京市西城区,北京市宣武区樱桃园幼儿园,幼儿园,,100054,北京市宣武区右内大街53号
北京,北京市西城区,北京市人民政府机关事务管理办公室幼儿园,幼儿园,,100053,北京市宣武区长椿街2号
北京,北京市西城区,北京市宣武区小小幼儿园,幼儿园,,100054,北京市宣武区红土店2号楼
北京,北京市西城区,北京市宣武区西便门幼儿园,幼儿园,,100053,北京市宣武区西便门东里15号楼
北京,北京市西城区,北京市宣武区三义里第二幼儿园,幼儿园,,100055,北京市宣武区广外三义西里7-2号
北京,北京市西城区,北京市宣武区人民政府机关幼儿园,幼儿园,,100052,北京市宣武区米市胡同94号
北京,北京市西城区,北京市宣武区回民幼儿园,幼儿园,,100053,北京市宣武区枣林前街14号
北京,北京市西城区,北京市宣武区槐柏幼儿园,幼儿园,,100053,北京市宣武区长椿街甲1号
北京,北京市西城区,北京市宣武区虎坊路幼儿园,幼儿园,,100050,北京市宣武区虎坊路14楼旁1号
北京,北京市西城区,北京市宣武区三义里第一幼儿园,幼儿园,,100055,北京市宣武区广安门外三义东里9号
北京,北京市西城区,北京市宣武区实验幼儿园,幼儿园,,100052,北京市宣武区南新华街二十一号
北京,北京市西城区,宣武区槐柏幼儿园,幼儿园,63039953,,北京市宣武区槐柏树街南里10号楼
北京,北京市西城区,北京市西城区婴幼儿保教实验院,幼儿园,,100034,北京市西城区西四北六条23号
北京,北京市西城区,西城区西长安街街道府右街幼儿园,幼儿园,,100032,北京市西城区府右街21号
北京,北京市西城区,中共中央直属机关事务管理局中办幼儿园,幼儿园,,100032,北京市西城区宏庙胡同9号
北京,北京市西城区,北京市西城区二龙路新京几道实验幼儿园,幼儿园,,100032,北京市西城区京几道12号
北京,北京市西城区,北京市西城区洁民幼儿园,幼儿园,,100029,北京市西城区裕中西里36号
北京,北京市西城区,商业部幼儿园,幼儿园,,100045,北京市西城区三里河二区11号
北京,北京市西城区,机械工业部机关幼儿园,幼儿园,,100037,北京市西城区百万庄2号
北京,北京市西城区,北京市西城区回民幼儿园,幼儿园,,100031,北京市西城区东线线胡同甲34号
北京,北京市西城区,广播电影电视部第一幼儿园,幼儿园,,100035,北京市西城区育德胡同15号
北京,北京市西城区,国家计委幼儿园,幼儿园,,100045,北京市西城区三里河1区40门
北京,北京市西城区,北京市北海幼儿园,幼儿园,,100009,北京市西城区地安门大街22号
北京,北京市西城区,西城区商业三里河幼儿园,幼儿园,68522532,100045,西城区三里河二区18号
北京,北京市西城区,机械部机关幼儿园,幼儿园,6835267,,西城区百万庄北街2号园长:黄淑华
北京,北京市西城区,石油天然气部三里河幼儿园,幼儿园,6852723 9685272,,西城区三里河二区11号园长:史爱群
北京,北京市西城区,北京市邮政管理局鸿雁幼儿园,幼儿园,6803201,,西城区阜外万明园小区5号楼园长:乔秋莲
北京,北京市西城区,西城区广电银河艺术幼儿园,幼儿园,66187157,,北京市西城区（平安里）育德胡同15号
北京,北京市西城区,西城区二龙路新京畿道实验幼儿园,幼儿园,6602204,,新京畿道小区12号楼园长:付曼丽
北京,北京市西城区,北京市西城区棉花胡同幼儿园,幼儿园,010-66181319,,西城区棉花胡同78号园长:迟蔷
北京,北京市西城区,西城区洁民幼儿园,幼儿园,6235761 0623834,,西城区裕中西里
北京,北京市西城区,西城区西四北幼儿园,幼儿园,6618244 7661815,,西城区西四北三和样11号园长:刘雨生
北京,北京市西城区,北京市西城区曙光幼儿园,幼儿园,6615050 6616143,,西直门小后仓36号园长:饶亦琳
北京,北京市西城区,中国人民解放军海军北京示范幼儿园,幼儿园,8695401,,西三环中路19号园长:苏琼珠
北京,北京市西城区,中国人民解放军海军直属机关第三幼儿园,幼儿园,0106695 0106393,,西三环中路19号海军大院内
北京,北京市西城区,学前教育(半月刊),幼儿园,8209947 6352742,,
北京,北京市西城区,北京宣武区实验幼儿园,幼儿园,6303706,,宣武区南新华街15号
北京,北京市西城区,北京宣武区虎坊桥路幼儿园,幼儿园,6303069,,虎坊路14号楼旁门1号
北京,北京市西城区,北京三教寺幼儿园,幼儿园,6352267,,白纸坊东街6号
北京,北京市西城区,北京市第四幼儿园（宣武区第四幼儿园）,幼儿园,6352199,,白纸坊樱桃三条7号
北京,北京市西城区,长椿街幼儿园,幼儿园,6301105,,槐柏树街7号
北京,北京市西城区,北京宣武区和平门幼儿园,幼儿园,6303568,,上斜街66号
北京,北京市西城区,北京宣武区槐柏幼儿园,幼儿园,6303995 3630211,,槐柏树街南里10号
北京,北京市西城区,北京小百合幼儿园（宣武区西便门幼儿园）,幼儿园,6302305,,长椿街1号
北京,北京市西城区,北京宣武区三义里第一幼儿园（三义里一幼）,幼儿园,6326130 2632880,,广外三义东里9号
北京,北京市西城区,宣武区三义里第二幼儿园,幼儿园,6326262,,广外三义里7－2号
北京,北京市西城区,宣武区烂缦幼儿园（宣武区烂缦胡同幼儿园）,幼儿园,6353505,,烂缦胡同101号
北京,北京市西城区,宣武区大安澜营幼儿园,幼儿园,6303597,,宣武区大安澜营胡同13号
北京,北京市西城区,工程总公司幼儿园,幼儿园,5182569,,宣武区广外车站东街甲5号
北京,北京市西城区,北京第二热电厂幼儿园,幼儿园,6326771,,宣武区天宁寺东里二热宿舍
北京,北京市西城区,北京邮局里仁街幼儿园,幼儿园,6352261,,宣武区宏建北里13号
北京,北京市西城区,北京樱桃园幼儿园,幼儿园,6352259,,宣武区右内大街53号
北京,北京市西城区,北京市府机关幼儿园,幼儿园,8316206,,宣武区长椿里2号
北京,北京市西城区,北京市电管局幼儿园,幼儿园,8358305,,宣武区枣林前街32号
北京,北京市西城区,北京预防医学院幼儿园,幼儿园,6301762,,宣武区南纬路29号
北京,北京市西城区,北京318厂幼儿园,幼儿园,8317149,,西便门大街79号院
北京,北京市西城区,北京钢铁设计研究总院幼儿园,幼儿园,6352668,,白广路4号
北京,北京市西城区,陶然亭新欣幼儿园,幼儿园,6353280,,米市胡同94号
北京,北京市西城区,宣武区东夹道幼儿园,幼儿园,6303808,,宣武区前孙公园东夹道4号
北京,北京市西城区,北汽摩厂幼儿园,幼儿园,8313283,,宣武区南纬路35号
北京,北京市西城区,北京印钞厂幼儿园,幼儿园,6354334,,白纸坊甲23号
北京,北京市西城区,牛街枣林西街幼儿园,幼儿园,6354093,,牛街枣林西街56号
北京,北京市西城区,三眼井幼儿园（该园已改成敬老院）,幼儿园,6303410,,大栅栏三眼井胡同43号
北京,北京市西城区,宣武区四川营幼儿园,幼儿园,6303172,,宣武区四川营胡同1号
北京,北京市西城区,北京西柳树井幼儿园,幼儿园,6303539,100050,珠市口大街111号
北京,北京市西城区,宣武区南菜园幼儿园,幼儿园,6354132,,南菜园五层公寓楼2号
北京,北京市西城区,永定门粮食仓库幼儿园,幼儿园,8727991,,永外草新南路2号院
北京,北京市西城区,北京市宣武区大栅栏街道三眼井幼儿园,幼儿园,,100051,北京市宣武区三井胡同43号
北京,北京市西城区,北京市宣武区四川营幼儿园,幼儿园,,100052,北京市宣武区四川营胡同1号
北京,北京市西城区,北京市宣武区永光西街幼儿园,幼儿园,,100052,北京市宣武区宣外大街八宝甸2号
